,class,tax_order,family,genus,genus sp.
0,Actinopterygii,Perciformes,Centrarchidae,Lepomis,Lepomis macrochirus
1,Actinopterygii,Salmoniformes,Salmonidae,Oncorhynchus,Oncorhynchus mykiss
2,Actinopterygii,Cypriniformes,Cyprinidae,Cyprinus,Cyprinus carpio
3,Actinopterygii,Siluriformes,Ictaluridae,Ameiurus,Ameiurus melas
4,Actinopterygii,Beloniformes,Adrianichthyidae,Oryzias,Oryzias latipes
5,Actinopterygii,Perciformes,Channidae,Channa,Channa punctata
6,Actinopterygii,Siluriformes,Clariidae,Clarias,Clarias batrachus
7,Actinopterygii,Synbranchiformes,Synbranchidae,Monopterus,Monopterus cuchia
8,Actinopterygii,Perciformes,Cichlidae,Oreochromis,Oreochromis mossambicus
9,Actinopterygii,Cyprinodontiformes,Poeciliidae,Poecilia,Poecilia reticulata
10,Actinopterygii,Salmoniformes,Salmonidae,Salmo,Salmo trutta
11,Actinopterygii,Siluriformes,Bagridae,Mystus,Mystus vittatus
12,Actinopterygii,Cypriniformes,Cyprinidae,Carassius,Carassius auratus
13,Actinopterygii,Cyprinodontiformes,Cyprinodontidae,Fundulus,Fundulus grandis
14,Actinopterygii,Cypriniformes,Cyprinidae,Pimephales,Pimephales promelas
15,Actinopterygii,Atheriniformes,Atherinidae,Menidia,Menidia beryllina
16,Actinopterygii,Cyprinodontiformes,Aplocheilidae,Rivulus,Rivulus marmoratus
17,Actinopterygii,Cyprinodontiformes,Cyprinodontidae,Cyprinodon,Cyprinodon variegatus
18,Actinopterygii,Atheriniformes,Atherinidae,Menidia,Menidia menidia
19,Actinopterygii,Perciformes,Moronidae,Morone,Morone americana
20,Actinopterygii,Pleuronectiformes,Pleuronectidae,Pleuronectes,Pleuronectes americanus
21,Actinopterygii,Perciformes,Sparidae,Stenotomus,Stenotomus chrysops
22,Actinopterygii,Salmoniformes,Salmonidae,Salvelinus,Salvelinus namaycush
23,Actinopterygii,Siluriformes,Ictaluridae,Ameiurus,Ameiurus nebulosus
24,Actinopterygii,Cyprinodontiformes,Poeciliidae,Poeciliopsis,Poeciliopsis lucida
25,Chondrichthyes,Rajiformes,Torpedinidae,Torpedo,Torpedo marmorata
26,Actinopterygii,Anguilliformes,Anguillidae,Anguilla,Anguilla anguilla
27,Actinopterygii,Mugiliformes,Mugilidae,Mugil,Mugil cephalus
28,Actinopterygii,Siluriformes,Bagridae,Mystus,Mystus gulio
29,Actinopterygii,Cypriniformes,Cyprinidae,Barbus,Barbus stigma
30,Actinopterygii,Cypriniformes,Cyprinidae,Rutilus,Rutilus rutilus
31,Actinopterygii,Perciformes,Percidae,Perca,Perca fluviatilis
32,Actinopterygii,Perciformes,Anabantidae,Anabas,Anabas testudineus
33,Actinopterygii,Perciformes,Cichlidae,Tilapia,Tilapia hornorum
34,Actinopterygii,Perciformes,Channidae,Channa,Channa orientalis
35,Actinopterygii,Cypriniformes,Cyprinidae,Puntius,Puntius sophore
36,Actinopterygii,Perciformes,Gobiidae,Boleophthalmus,Boleophthalmus dussumieri
37,Actinopterygii,Salmoniformes,Salmonidae,Oncorhynchus,Oncorhynchus kisutch
38,Actinopterygii,Salmoniformes,Salmonidae,Oncorhynchus,Oncorhynchus tshawytscha
39,Actinopterygii,Cypriniformes,Cyprinidae,Rasbora,Rasbora daniconius
40,Actinopterygii,Cypriniformes,Cyprinidae,Barbus,Barbus ticto
41,Actinopterygii,Cypriniformes,Cyprinidae,Danio,Danio rerio
42,Actinopterygii,Perciformes,Cichlidae,Oreochromis,Oreochromis niloticus
43,Actinopterygii,Perciformes,Centrarchidae,Micropterus,Micropterus salmoides
44,Actinopterygii,Pleuronectiformes,Pleuronectidae,Limanda,Limanda limanda
45,Actinopterygii,Scorpaeniformes,Cottidae,Myoxocephalus,Myoxocephalus quadricornis
46,Actinopterygii,Cypriniformes,Cyprinidae,Barbus,Barbus conchonius
47,Actinopterygii,Cyprinodontiformes,Cyprinodontidae,Fundulus,Fundulus heteroclitus
48,Actinopterygii,Cyprinodontiformes,Cyprinodontidae,Jordanella,Jordanella floridae
49,Actinopterygii,Siluriformes,Heteropneustidae,Heteropneustes,Heteropneustes fossilis
50,Actinopterygii,Perciformes,Cichlidae,Oreochromis,Oreochromis mossambicus X niloticus
51,Actinopterygii,Siluriformes,Ictaluridae,Ictalurus,Ictalurus punctatus
52,Actinopterygii,Perciformes,Percidae,Sander,Sander vitreus
53,Actinopterygii,Perciformes,Centrarchidae,Lepomis,Lepomis cyanellus
54,Actinopterygii,Perciformes,Moronidae,Morone,Morone saxatilis
55,Actinopterygii,Esociformes,Esocidae,Esox,Esox masquinongy
56,Actinopterygii,Esociformes,Esocidae,Esox,Esox lucius
57,Actinopterygii,Acipenseriformes,Acipenseridae,Acipenser,Acipenser fulvescens
58,Actinopterygii,Cypriniformes,Cyprinidae,Alburnus,Alburnus alburnus
59,Actinopterygii,Cyprinodontiformes,Poeciliidae,Gambusia,Gambusia affinis
60,Chondrichthyes,Carcharhiniformes,Scyliorhinidae,Scyliorhinus,Scyliorhinus canicula
61,Actinopterygii,Gadiformes,Gadidae,Gadus,Gadus morhua
62,Actinopterygii,Mugiliformes,Mugilidae,Liza,Liza macrolepis
63,Actinopterygii,Cypriniformes,Cyprinidae,Gnathopogon,Gnathopogon caerulescens
64,Actinopterygii,Perciformes,Kyphosidae,Girella,Girella punctata
65,Actinopterygii,Perciformes,Gobiidae,Chasmichthys,Chasmichthys dolichognathus
66,Actinopterygii,Cypriniformes,Cobitidae,Lepidocephalichthys,Lepidocephalichthys guntea
67,Actinopterygii,Osteoglossiformes,Mormyridae,Gnathonemus,Gnathonemus petersii
68,Actinopterygii,Perciformes,Sciaenidae,Sciaenops,Sciaenops ocellatus
69,Actinopterygii,Perciformes,Osphronemidae,Colisa,Colisa fasciata
70,Actinopterygii,Cyprinodontiformes,Poeciliidae,Gambusia,Gambusia holbrooki
71,Actinopterygii,Perciformes,Osphronemidae,Trichogaster,Trichogaster pectoralis
72,Actinopterygii,Perciformes,Gobiidae,Tridentiger,Tridentiger trigonocephalus
73,Actinopterygii,Perciformes,Siganidae,Siganus,Siganus fuscescens
74,Actinopterygii,Perciformes,Carangidae,Trachurus,Trachurus japonicus
75,Actinopterygii,Cypriniformes,Cyprinidae,Labeo,Labeo rohita
76,Actinopterygii,Cypriniformes,Cyprinidae,Cirrhinus,Cirrhinus mrigala
77,Actinopterygii,Perciformes,Moronidae,Dicentrarchus,Dicentrarchus labrax
78,Actinopterygii,Cypriniformes,Cyprinidae,Rasbora,Rasbora heteromorpha
79,Actinopterygii,Salmoniformes,Salmonidae,Salmo,Salmo salar
80,Actinopterygii,Salmoniformes,Salmonidae,Thymallus,Thymallus arcticus
81,Actinopterygii,Cypriniformes,Cyprinidae,Campostoma,Campostoma anomalum
82,Actinopterygii,Salmoniformes,Salmonidae,Oncorhynchus,Oncorhynchus nerka
83,Actinopterygii,Cypriniformes,Cyprinidae,Cyprinella,Cyprinella spiloptera
84,Actinopterygii,Salmoniformes,Salmonidae,Salvelinus,Salvelinus fontinalis
85,Actinopterygii,Siluriformes,Bagridae,Rita,Rita rita
86,Actinopterygii,Perciformes,Centrarchidae,Pomoxis,Pomoxis annularis
87,Actinopterygii,Perciformes,Sciaenidae,Leiostomus,Leiostomus xanthurus
88,Actinopterygii,Atheriniformes,Atherinidae,Labidesthes,Labidesthes sicculus
89,Actinopterygii,Cypriniformes,Cyprinidae,Notemigonus,Notemigonus crysoleucas
90,Actinopterygii,Clupeiformes,Clupeidae,Alosa,Alosa sapidissima
91,Actinopterygii,Anguilliformes,Anguillidae,Anguilla,Anguilla rostrata
92,Actinopterygii,Salmoniformes,Salmonidae,Coregonus,Coregonus hoyi
93,Actinopterygii,Cypriniformes,Cyprinidae,Ptychocheilus,Ptychocheilus oregonensis
94,Actinopterygii,Cypriniformes,Cyprinidae,Acrocheilus,Acrocheilus alutaceus
95,Actinopterygii,Perciformes,Percidae,Perca,Perca flavescens
96,Actinopterygii,Cypriniformes,Cyprinidae,Notropis,Notropis hudsonius
97,Actinopterygii,Cypriniformes,Catostomidae,Catostomus,Catostomus commersoni
98,Actinopterygii,Perciformes,Cichlidae,Tilapia,Tilapia aurea
99,Actinopterygii,Gasterosteiformes,Gasterosteidae,Gasterosteus,Gasterosteus aculeatus
100,Cephalaspidomorphi,Petromyzontiformes,Petromyzontidae,Petromyzon,Petromyzon marinus
101,Actinopterygii,Perciformes,Cichlidae,Tilapia,Tilapia leucosticta
102,Actinopterygii,Cypriniformes,Cyprinidae,Luxilus,Luxilus cornutus
103,Actinopterygii,Cypriniformes,Cyprinidae,Notropis,Notropis atherinoides
104,Actinopterygii,Perciformes,Centrarchidae,Micropterus,Micropterus dolomieu
105,Actinopterygii,Cypriniformes,Cyprinidae,Leuciscus,Leuciscus idus
106,Actinopterygii,Mugiliformes,Mugilidae,Chelon,Chelon labrosus
107,Actinopterygii,Perciformes,Centrarchidae,Lepomis,Lepomis microlophus
108,Actinopterygii,Cypriniformes,Cyprinidae,Ctenopharyngodon,Ctenopharyngodon idella
109,Actinopterygii,Cypriniformes,Cyprinidae,Hypophthalmichthys,Hypophthalmichthys molitrix
110,Actinopterygii,Perciformes,Centrarchidae,Lepomis,Lepomis gibbosus
111,Actinopterygii,Cypriniformes,Cyprinidae,Pimephales,Pimephales notatus
112,Actinopterygii,Perciformes,Sparidae,Lagodon,Lagodon rhomboides
113,Actinopterygii,Cypriniformes,Cyprinidae,Notropis,Notropis chrysoleucas
114,Actinopterygii,Cypriniformes,Cyprinidae,Rasbora,Rasbora trilineata
115,Actinopterygii,Perciformes,Embiotocidae,Cymatogaster,Cymatogaster aggregata
116,Actinopterygii,Perciformes,Embiotocidae,Micrometrus,Micrometrus minimus
117,Actinopterygii,Perciformes,Labridae,Thalassoma,Thalassoma bifasciatum
118,Actinopterygii,Tetraodontiformes,Tetraodontidae,Sphoeroides,Sphoeroides maculatus
119,Actinopterygii,Cyprinodontiformes,Cyprinodontidae,Fundulus,Fundulus majalis
120,Actinopterygii,Perciformes,Centrarchidae,Micropterus,Micropterus sp.
121,Actinopterygii,Cypriniformes,Cyprinidae,Lythrurus,Lythrurus umbratilis
122,Actinopterygii,Cypriniformes,Cyprinidae,Cyprinella,Cyprinella lutrensis
123,Actinopterygii,Siluriformes,Ictaluridae,Ameiurus,Ameiurus natalis
124,Actinopterygii,Cyprinodontiformes,Cyprinodontidae,Fundulus,Fundulus similis
125,Actinopterygii,Clupeiformes,Clupeidae,Harengula,Harengula jaguana
126,Actinopterygii,Cypriniformes,Cyprinidae,Notropis,Notropis sp.
127,Actinopterygii,Salmoniformes,Salmonidae,Oncorhynchus,Oncorhynchus clarkii
128,Actinopterygii,Esociformes,Umbridae,Umbra,Umbra pygmaea
129,Actinopterygii,Perciformes,Cichlidae,Tilapia,Tilapia melanopleura
130,Actinopterygii,Cyprinodontiformes,Cyprinodontidae,Fundulus,Fundulus diaphanus
131,Actinopterygii,Cypriniformes,Catostomidae,Ictiobus,Ictiobus cyprinellus
132,Actinopterygii,Salmoniformes,Salmonidae,Coregonus,Coregonus clupeaformis
133,Actinopterygii,Cyprinodontiformes,Cyprinodontidae,Cyprinodon,Cyprinodon macularius
134,Actinopterygii,Perciformes,Anabantidae,Anabas,Anabas scandens
135,Actinopterygii,Cypriniformes,Cyprinidae,Gibelion,Gibelion catla
136,Actinopterygii,Cypriniformes,Cyprinidae,Tinca,Tinca tinca
137,Actinopterygii,Perciformes,Cichlidae,Tilapia,Tilapia rendalli
138,Actinopterygii,Gonorhynchiformes,Chanidae,Chanos,Chanos chanos
139,Actinopterygii,Cypriniformes,Balitoridae,Barbatula,Barbatula barbatula
140,Actinopterygii,Siluriformes,Clariidae,Clarias,Clarias lazera
141,Actinopterygii,Cypriniformes,Cobitidae,Lepidocephalichthys,Lepidocephalichthys thermalis
142,Actinopterygii,Perciformes,Cichlidae,Tilapia,Tilapia sparrmanii
143,Actinopterygii,Cypriniformes,Cyprinidae,Barbus,Barbus gonionotus
144,Actinopterygii,Cypriniformes,Cyprinidae,Carassius,Carassius carassius
145,Actinopterygii,Cypriniformes,Cyprinidae,Scardinius,Scardinius erythrophthalmus
146,Actinopterygii,Cypriniformes,Cyprinidae,Leucaspius,Leucaspius delineatus
147,Actinopterygii,Osteoglossiformes,Notopteridae,Notopterus,Notopterus notopterus
148,Actinopterygii,Cypriniformes,Cyprinidae,Danio,Danio sp.
149,Actinopterygii,Cypriniformes,Cyprinidae,Semotilus,Semotilus atromaculatus
150,Actinopterygii,Pleuronectiformes,Pleuronectidae,Parophrys,Parophrys vetulus
151,Actinopterygii,Scorpaeniformes,Agonidae,Agonus,Agonus cataphractus
152,Actinopterygii,Pleuronectiformes,Pleuronectidae,Platichthys,Platichthys flesus
153,Actinopterygii,Pleuronectiformes,Pleuronectidae,Pleuronectes,Pleuronectes platessa
154,Actinopterygii,Cypriniformes,Balitoridae,Noemacheilus,Noemacheilus barbatulus
155,Actinopterygii,Cyprinodontiformes,Poeciliidae,Poecilia,Poecilia latipinna
156,Actinopterygii,Salmoniformes,Salmonidae,Oncorhynchus,Oncorhynchus keta
157,Actinopterygii,Salmoniformes,Salmonidae,Oncorhynchus,Oncorhynchus gorbuscha
158,Actinopterygii,Perciformes,Gobiidae,Zosterisessor,Zosterisessor ophiocephalus
159,Actinopterygii,Perciformes,Sciaenidae,Cynoscion,Cynoscion nebulosus
160,Actinopterygii,Perciformes,Centropomidae,Centropomus,Centropomus undecimalis
161,Actinopterygii,Clupeiformes,Clupeidae,Brevoortia,Brevoortia patronus
162,Actinopterygii,Perciformes,Carangidae,Trachinotus,Trachinotus carolinus
163,Actinopterygii,Perciformes,Sparidae,Mylio,Mylio macrocephalus
164,Actinopterygii,Perciformes,Centrarchidae,Lepomis,Lepomis megalotis
165,Actinopterygii,Semionotiformes,Lepisosteidae,Lepisosteus,Lepisosteus platostomus
166,Actinopterygii,Cypriniformes,Cyprinidae,Phoxinus,Phoxinus eos
167,Actinopterygii,Gasterosteiformes,Gasterosteidae,Culaea,Culaea inconstans
168,Actinopterygii,Perciformes,Sciaenidae,Aplodinotus,Aplodinotus grunniens
169,Actinopterygii,Amiiformes,Amiidae,Amia,Amia calva
170,Actinopterygii,Siluriformes,Ictaluridae,Ameiurus,Ameiurus catus
171,Actinopterygii,Siluriformes,Ictaluridae,Pylodictis,Pylodictis olivaris
172,Actinopterygii,Perciformes,Centrarchidae,Pomoxis,Pomoxis nigromaculatus
173,Actinopterygii,Perciformes,Serranidae,Paralabrax,Paralabrax clathratus
174,Actinopterygii,Cypriniformes,Cyprinidae,Agosia,Agosia chrysogaster
175,Actinopterygii,Perciformes,Percidae,Etheostoma,Etheostoma flabellare
176,Actinopterygii,Perciformes,Percidae,Etheostoma,Etheostoma nigrum
177,Actinopterygii,Perciformes,Percidae,Etheostoma,Etheostoma spectabile
178,Actinopterygii,Perciformes,Percidae,Etheostoma,Etheostoma caeruleum
179,Actinopterygii,Cypriniformes,Cyprinidae,Rhinichthys,Rhinichthys atratulus
180,Actinopterygii,Cypriniformes,Cyprinidae,Luxilus,Luxilus chrysocephalus
181,Actinopterygii,Cyprinodontiformes,Poeciliidae,Xiphophorus,Xiphophorus maculatus
182,Actinopterygii,Perciformes,Centrarchidae,Enneacanthus,Enneacanthus gloriosus
183,Actinopterygii,Cypriniformes,Cyprinidae,Pseudorasbora,Pseudorasbora parva
184,Actinopterygii,Mugiliformes,Mugilidae,Mugil,Mugil curema
185,Actinopterygii,Osmeriformes,Osmeridae,Osmerus,Osmerus mordax
186,Actinopterygii,Scorpaeniformes,Cottidae,Scorpaenichthys,Scorpaenichthys marmoratus
187,Actinopterygii,Mugiliformes,Mugilidae,Mugil,Mugil auratus
188,Actinopterygii,Perciformes,Sparidae,Rhabdosargus,Rhabdosargus holubi
189,Actinopterygii,Gadiformes,Gadidae,Gaidropsarus,Gaidropsarus capensis
190,Actinopterygii,Perciformes,Sparidae,Diplodus,Diplodus sargus
191,Actinopterygii,Perciformes,Sparidae,Lithognathus,Lithognathus mormyrus
192,Actinopterygii,Perciformes,Sparidae,Pachymetopon,Pachymetopon blochii
193,Actinopterygii,Pleuronectiformes,Soleidae,Heteromycteris,Heteromycteris capensis
194,Actinopterygii,Pleuronectiformes,Soleidae,Synaptura,Synaptura kleini
195,Actinopterygii,Mugiliformes,Mugilidae,Liza,Liza haematocheilus
196,Actinopterygii,Perciformes,Moronidae,Morone,Morone mississippiensis
197,Actinopterygii,Perciformes,Centrarchidae,Lepomis,Lepomis humilis
198,Actinopterygii,Cypriniformes,Cyprinidae,Leuciscus,Leuciscus cephalus
199,Actinopterygii,Anguilliformes,Anguillidae,Anguilla,Anguilla japonica
200,Actinopterygii,Cypriniformes,Cyprinidae,Rhinichthys,Rhinichthys cataractae
201,Actinopterygii,Perciformes,Serranidae,Centropristis,Centropristis striata
202,Actinopterygii,Synbranchiformes,Mastacembelidae,Mastacembelus,Mastacembelus pancalus
203,Actinopterygii,Clupeiformes,Clupeidae,Brevoortia,Brevoortia tyrannus
204,Actinopterygii,Pleuronectiformes,Bothidae,Scophthalmus,Scophthalmus aquosus
205,Actinopterygii,Clupeiformes,Clupeidae,Clupea,Clupea pallasii
206,Actinopterygii,Gasterosteiformes,Gasterosteidae,Pungitius,Pungitius pungitius
207,Actinopterygii,Perciformes,Cichlidae,Cichlasoma,Cichlasoma urophthalmus
208,Actinopterygii,Perciformes,Gobiidae,Gillichthys,Gillichthys mirabilis
209,Actinopterygii,Cyprinodontiformes,Cyprinodontidae,Fundulus,Fundulus parvipinnis
210,Chondrichthyes,Rajiformes,Dasyatidae,Urolophus,Urolophus halleri
211,Actinopterygii,Pleuronectiformes,Bothidae,Paralichthys,Paralichthys californicus
212,Actinopterygii,Perciformes,Serranidae,Paralabrax,Paralabrax nebulifer
213,Actinopterygii,Pleuronectiformes,Paralichthyidae,Citharichthys,Citharichthys stigmaeus
214,Actinopterygii,Pleuronectiformes,Pleuronectidae,Pleuronichthys,Pleuronichthys ritteri
215,Actinopterygii,Cypriniformes,Cyprinidae,Barbus,Barbus arulius
216,Actinopterygii,Cypriniformes,Cyprinidae,Puntius,Puntius sarana
217,Actinopterygii,Cypriniformes,Cyprinidae,Chela,Chela phulo
218,Actinopterygii,Siluriformes,Ictaluridae,Ictalurus,Ictalurus furcatus
219,Actinopterygii,Clupeiformes,Clupeidae,Alosa,Alosa chrysochloris
220,Actinopterygii,Clupeiformes,Clupeidae,Dorosoma,Dorosoma cepedianum
221,Actinopterygii,Perciformes,Percidae,Sander,Sander canadensis
222,Actinopterygii,Perciformes,Centropomidae,Ambassis,Ambassis natalensis
223,Actinopterygii,Perciformes,Teraponidae,Terapon,Terapon jarbua
224,Actinopterygii,Perciformes,Centrarchidae,Ambloplites,Ambloplites rupestris
225,Actinopterygii,Perciformes,Centrarchidae,Lepomis,Lepomis sp.
226,Actinopterygii,Perciformes,Percidae,Etheostoma,Etheostoma exile
227,Actinopterygii,Semionotiformes,Lepisosteidae,Lepisosteus,Lepisosteus osseus
228,Actinopterygii,Cypriniformes,Cyprinidae,Labeo,Labeo fimbriatus
229,Actinopterygii,Cypriniformes,Cyprinidae,Barbus,Barbus filamentosus
230,Actinopterygii,Perciformes,Percidae,Sander,Sander lucioperca
231,Actinopterygii,Characiformes,Characidae,Hyphessobrycon,Hyphessobrycon serpae
232,Actinopterygii,Siluriformes,Plotosidae,Neosilurus,Neosilurus sp.
233,Actinopterygii,Anguilliformes,Anguillidae,Anguilla,Anguilla sp.
234,Actinopterygii,Cyprinodontiformes,Poeciliidae,Xiphophorus,Xiphophorus helleri
235,Actinopterygii,Characiformes,Curimatidae,Prochilodus,Prochilodus lineatus
236,Actinopterygii,Cypriniformes,Catostomidae,Erimyzon,Erimyzon sucetta
237,Actinopterygii,Salmoniformes,Salmonidae,Salvelinus,Salvelinus malma
238,Actinopterygii,Esociformes,Esocidae,Esox,Esox sp.
239,Actinopterygii,Osteoglossiformes,Hiodontidae,Hiodon,Hiodon alosoides
240,Actinopterygii,Clupeiformes,Clupeidae,Clupea,Clupea harengus
241,Actinopterygii,Perciformes,Sciaenidae,Micropogonias,Micropogonias undulatus
242,Actinopterygii,Siluriformes,Ariidae,Arius,Arius felis
243,Actinopterygii,Perciformes,Haemulidae,Orthopristis,Orthopristis chrysoptera
244,Actinopterygii,Perciformes,Sciaenidae,Bairdiella,Bairdiella chrysoura
245,Actinopterygii,Cyprinodontiformes,Poeciliidae,Poecilia,Poecilia sp.
246,Actinopterygii,Cypriniformes,Cyprinidae,Hybopsis,Hybopsis amblops
247,Actinopterygii,Siluriformes,Schilbeidae,Schilbe,Schilbe mystus
248,Actinopterygii,Osteoglossiformes,Mormyridae,Pollimyrus,Pollimyrus isidori
249,Actinopterygii,Siluriformes,Bagridae,Chrysichthys,Chrysichthys nigrodigitatus
250,Actinopterygii,Cypriniformes,Cyprinidae,Barbus,Barbus macrops
251,Actinopterygii,Siluriformes,Bagridae,Chrysichthys,Chrysichthys longidorsalis
252,Actinopterygii,Perciformes,Cichlidae,Etroplus,Etroplus maculatus
253,Actinopterygii,Perciformes,Centropomidae,Ambassis,Ambassis ambassis
254,Actinopterygii,Pleuronectiformes,Scophthalmidae,Psetta,Psetta maxima
255,Actinopterygii,Cypriniformes,Cyprinidae,Carassius,Carassius sp.
256,Actinopterygii,Scorpaeniformes,Cottidae,Enophrys,Enophrys bison
257,Actinopterygii,Siluriformes,Clariidae,Clarias,Clarias anguillaris
258,Actinopterygii,Pleuronectiformes,Soleidae,Cynoglossus,Cynoglossus joyneri
259,Actinopterygii,Pleuronectiformes,Bothidae,Paralichthys,Paralichthys olivaceus
260,Actinopterygii,Siluriformes,Bagridae,Mystus,Mystus tengara
261,Actinopterygii,Scorpaeniformes,Scorpaenidae,Scorpaena,Scorpaena guttata
262,Actinopterygii,Salmoniformes,Salmonidae,Salvelinus,Salvelinus leucomaenis
263,Actinopterygii,Cypriniformes,Cyprinidae,Tribolodon,Tribolodon hakonensis
264,Actinopterygii,Cypriniformes,Cobitidae,Misgurnus,Misgurnus anguillicaudatus
265,Actinopterygii,Perciformes,Gobiidae,Chaenogobius,Chaenogobius annularis
266,Actinopterygii,Scorpaeniformes,Cottidae,Cottus,Cottus japonicus
267,Actinopterygii,Siluriformes,Siluridae,Silurus,Silurus asotus
268,Actinopterygii,Cypriniformes,Cyprinidae,Hemibarbus,Hemibarbus barbus
269,Actinopterygii,Siluriformes,Pimelodidae,Plecostomus,Plecostomus commersoni
270,Actinopterygii,Cypriniformes,Cyprinidae,Phoxinus,Phoxinus phoxinus
271,Actinopterygii,Mugiliformes,Mugilidae,Aldrichetta,Aldrichetta forsteri
272,Actinopterygii,Perciformes,Cichlidae,Tilapia,Tilapia galilaea
273,Actinopterygii,Perciformes,Sparidae,Sparus,Sparus macrocephalus
274,Actinopterygii,Siluriformes,Clariidae,Clarias,Clarias gariepinus
275,Actinopterygii,Perciformes,Chandidae,Pseudambassis,Pseudambassis ranga
276,Actinopterygii,Perciformes,Cichlidae,Tilapia,Tilapia zillii
277,Actinopterygii,Osmeriformes,Osmeridae,Hypomesus,Hypomesus olidus
278,Actinopterygii,Perciformes,Stichaeidae,Opisthocentrus,Opisthocentrus ocellatus
279,Actinopterygii,Perciformes,Anabantidae,Macropodus,Macropodus opercularis
280,Actinopterygii,Perciformes,Channidae,Channa,Channa striata
281,Actinopterygii,Cypriniformes,Cyprinidae,Cirrhinus,Cirrhinus molitorella
282,Actinopterygii,Perciformes,Percidae,Leiopotherapon,Leiopotherapon unicolor
283,Actinopterygii,Batrachoidiformes,Batrachoididae,Opsanus,Opsanus tau
284,Actinopterygii,Siluriformes,Clariidae,Clarias,Clarias macrocephalus
285,Actinopterygii,Perciformes,Sparidae,Sparus,Sparus aurata
286,Actinopterygii,Gasterosteiformes,Syngnathidae,Syngnathus,Syngnathus fuscus
287,Actinopterygii,Perciformes,Gobiidae,Gobiosoma,Gobiosoma bosc
288,Actinopterygii,Cypriniformes,Cyprinidae,Notropis,Notropis stramineus
289,Actinopterygii,Cypriniformes,Cyprinidae,Notropis,Notropis buccatus
290,Actinopterygii,Cypriniformes,Cyprinidae,Notropis,Notropis rubellus
291,Actinopterygii,Atheriniformes,Atherinidae,Atherinops,Atherinops affinis
292,Actinopterygii,Atheriniformes,Atherinidae,Menidia,Menidia peninsulae
293,Actinopterygii,Gasterosteiformes,Gasterosteidae,Apeltes,Apeltes quadracus
294,Actinopterygii,Pleuronectiformes,Bothidae,Paralichthys,Paralichthys dentatus
295,Actinopterygii,Perciformes,Moronidae,Morone,Morone sp.
296,Actinopterygii,Cypriniformes,Cyprinidae,Barilius,Barilius bendelisis
297,Actinopterygii,Siluriformes,Heptapteridae,Rhamdia,Rhamdia sapo
298,Actinopterygii,Perciformes,Cichlidae,Tilapia,Tilapia sp.
299,Actinopterygii,Atheriniformes,Atherinidae,Leuresthes,Leuresthes tenuis
300,Actinopterygii,Clupeiformes,Engraulidae,Engraulis,Engraulis mordax
301,Actinopterygii,Pleuronectiformes,Soleidae,Solea,Solea solea
302,Actinopterygii,Mugiliformes,Mugilidae,Liza,Liza vaigiensis
303,Actinopterygii,Perciformes,Gobiidae,Clevelandia,Clevelandia ios
304,Actinopterygii,Perciformes,Sparidae,Pagrus,Pagrus major
305,Actinopterygii,Atheriniformes,Melanotaeniidae,Melanotaenia,Melanotaenia splendida
306,Actinopterygii,Atheriniformes,Melanotaeniidae,Melanotaenia,Melanotaenia nigrans
307,Actinopterygii,Atheriniformes,Atherinidae,Craterocephalus,Craterocephalus stercusmuscarum
308,Actinopterygii,Salmoniformes,Salmonidae,Thymallus,Thymallus thymallus
309,Actinopterygii,Atheriniformes,Atherinopsidae,Odontesthes,Odontesthes argentinensis
310,Actinopterygii,Siluriformes,Ariidae,Ariopsis,Ariopsis bonillai
311,Actinopterygii,Siluriformes,Ariidae,Cathorops,Cathorops spixii
312,Actinopterygii,Siluriformes,Ariidae,Megalops,Megalops atlanticus
313,Actinopterygii,Cypriniformes,Cyprinidae,Hypophthalmichthys,Hypophthalmichthys nobilis
314,Actinopterygii,Perciformes,Haemulidae,Haemulon,Haemulon sciurus
315,Actinopterygii,Salmoniformes,Salmonidae,Oncorhynchus,Oncorhynchus aguabonita
316,Actinopterygii,Perciformes,Ambassidae,Priopidichthys,Priopidichthys sp.
317,Actinopterygii,Synbranchiformes,Synbranchidae,Monopterus,Monopterus albus
318,Actinopterygii,Perciformes,Nototheniidae,Pseudaphritis,Pseudaphritis urvillii
319,Actinopterygii,Osmeriformes,Galaxiidae,Galaxias,Galaxias maculatus
320,Actinopterygii,Cypriniformes,Cyprinidae,Ptychocheilus,Ptychocheilus lucius
321,Actinopterygii,Cypriniformes,Cyprinidae,Barbus,Barbus javanicus
322,Actinopterygii,Perciformes,Centrarchidae,Lates,Lates calcarifer
323,Actinopterygii,Cypriniformes,Cyprinidae,Richardsonius,Richardsonius balteatus
324,Actinopterygii,Perciformes,Ammodytidae,Ammodytes,Ammodytes americanus
325,Actinopterygii,Cyprinodontiformes,Cyprinodontidae,Aplocheilus,Aplocheilus blockii
326,Actinopterygii,Perciformes,Osphronemidae,Colisa,Colisa lalia
327,Actinopterygii,Scorpaeniformes,Cottidae,Cottus,Cottus bairdi
328,Actinopterygii,Cypriniformes,Cyprinidae,Barbus,Barbus barbus
329,Actinopterygii,Pleuronectiformes,Pleuronectidae,Platichthys,Platichthys stellatus
330,Actinopterygii,Scorpaeniformes,Cottidae,Megalocottus,Megalocottus platycephalus
331,Actinopterygii,Salmoniformes,Salmonidae,Oncorhynchus,Oncorhynchus masou
332,Actinopterygii,Cypriniformes,Cyprinidae,Margariscus,Margariscus margarita
333,Actinopterygii,Characiformes,Characidae,Gymnocorymbus,Gymnocorymbus ternetzi
334,Actinopterygii,Cyprinodontiformes,Cyprinodontidae,Aphanius,Aphanius fasciatus
335,Chondrichthyes,Carcharhiniformes,Carcharhinidae,Negaprion,Negaprion brevirostris
336,Chondrichthyes,Orectolobiformes,Orectolobidae,Ginglymostoma,Ginglymostoma cirratum
337,Actinopterygii,Cypriniformes,Cyprinidae,Tanichthys,Tanichthys albonubes
338,Actinopterygii,Cypriniformes,Cyprinidae,Barbus,Barbus holubi
339,Actinopterygii,Pleuronectiformes,Pleuronectidae,Pseudopleuronectes,Pseudopleuronectes yokohamae
340,Actinopterygii,Cypriniformes,Cyprinidae,Alburnus,Alburnus albidus
341,Actinopterygii,Cypriniformes,Cobitidae,Cobitis,Cobitis taenia
342,Actinopterygii,Osmeriformes,Galaxiidae,Galaxias,Galaxias auratus
343,Actinopterygii,Perciformes,Channidae,Channa,Channa marulius
344,Actinopterygii,Siluriformes,Bagridae,Sperata,Sperata seenghala
345,Actinopterygii,Perciformes,Cichlidae,Cichlasoma,Cichlasoma bimaculatum
346,Actinopterygii,Cyprinodontiformes,Cyprinodontidae,Aphanius,Aphanius dispar
347,Actinopterygii,Scorpaeniformes,Cottidae,Cottus,Cottus cognatus
348,Actinopterygii,Cypriniformes,Cyprinidae,Cyprinella,Cyprinella whipplei
349,Actinopterygii,Cyprinodontiformes,Cyprinodontidae,Fundulus,Fundulus notatus
350,Actinopterygii,Clupeiformes,Clupeidae,Alosa,Alosa aestivalis
351,Actinopterygii,Clupeiformes,Clupeidae,Alosa,Alosa pseudoharengus
352,Actinopterygii,Mugiliformes,Mugilidae,Mugil,Mugil carinatus
353,Actinopterygii,Perciformes,Eleotridae,Mogurnda,Mogurnda mogurnda
354,Actinopterygii,Esociformes,Umbridae,Umbra,Umbra limi
355,Actinopterygii,Cypriniformes,Cobitidae,Misgurnus,Misgurnus fossilis
356,Actinopterygii,Perciformes,Sciaenidae,Nibea,Nibea albiflora
357,Actinopterygii,Perciformes,Gobiidae,Odontamblyopus,Odontamblyopus rubicundus
358,Actinopterygii,Perciformes,Ammodytidae,Ammodytes,Ammodytes hexapterus
359,Actinopterygii,Perciformes,Moronidae,Morone,Morone chrysops
360,Actinopterygii,Atheriniformes,Melanotaeniidae,Melanotaenia,Melanotaenia duboulayi
361,Actinopterygii,Clupeiformes,Clupeidae,Nematalosa,Nematalosa erebi
362,Actinopterygii,Perciformes,Percichthyidae,Macquaria,Macquaria ambigua
363,Actinopterygii,Perciformes,Teraponidae,Bidyanus,Bidyanus bidyanus
364,Actinopterygii,Cypriniformes,Cyprinidae,Amblypharyngodon,Amblypharyngodon melettinus
365,Actinopterygii,Perciformes,Channidae,Ophiocephalus,Ophiocephalus punctatus
366,Actinopterygii,Perciformes,Osphronemidae,Trichogaster,Trichogaster trichopterus
367,Actinopterygii,Pleuronectiformes,Pleuronectidae,Pleuronectes,Pleuronectes ferrugineus
368,Actinopterygii,Mugiliformes,Mugilidae,Valamugil,Valamugil engeli
369,Actinopterygii,Perciformes,Kuhliidae,Kuhlia,Kuhlia sandvicensis
370,Actinopterygii,Clupeiformes,Engraulidae,Encrasicholina,Encrasicholina purpurea
371,Actinopterygii,Tetraodontiformes,Balistidae,Rudarius,Rudarius ercodes
372,Actinopterygii,Cypriniformes,Cyprinidae,Barbus,Barbus guganio
373,Actinopterygii,Perciformes,Blenniidae,Lipophrys,Lipophrys pholis
374,Actinopterygii,Perciformes,Sparidae,Chrysophrys,Chrysophrys major
375,Actinopterygii,Perciformes,Labridae,Tautogolabrus,Tautogolabrus adspersus
376,Actinopterygii,Perciformes,Carangidae,Seriola,Seriola quinqueradiata
377,Actinopterygii,Siluriformes,Bagridae,Tandanus,Tandanus tandanus
378,Actinopterygii,Perciformes,Gobiidae,Pomatoschistus,Pomatoschistus minutus
379,Chondrichthyes,Rajiformes,Rajidae,Raja,Raja radiata
380,Actinopterygii,Siluriformes,Siluridae,Silurus,Silurus glanis
381,Actinopterygii,Cyprinodontiformes,Aplocheilidae,Rivulus,Rivulus cylindraceus
382,Actinopterygii,Salmoniformes,Plecoglossidae,Plecoglossus,Plecoglossus altivelis
383,Actinopterygii,Atheriniformes,Atherinidae,Atherinosoma,Atherinosoma microstoma
384,Actinopterygii,Salmoniformes,Salmonidae,Salvelinus,Salvelinus sp.
385,Actinopterygii,Perciformes,Serranidae,Serranus,Serranus scriba
386,Actinopterygii,Cypriniformes,Cyprinidae,Hybognathus,Hybognathus regius
387,Actinopterygii,Cypriniformes,Cyprinidae,Labeo,Labeo boga
388,Actinopterygii,Cypriniformes,Cyprinidae,Rasbora,Rasbora neilgherriensis
389,Actinopterygii,Perciformes,Sparidae,Chrysophrys,Chrysophrys auratus
390,Actinopterygii,Mugiliformes,Mugilidae,Mugil,Mugil sp.
391,Actinopterygii,Salmoniformes,Salmonidae,Coregonus,Coregonus fera
392,Actinopterygii,Mugiliformes,Mugilidae,Liza,Liza ramado
393,Actinopterygii,Perciformes,Gobiidae,Gobiusculus,Gobiusculus flavescens
394,Actinopterygii,Cypriniformes,Cyprinidae,Gila,Gila atraria
395,Actinopterygii,Cypriniformes,Cyprinidae,Gila,Gila copei
396,Actinopterygii,Cypriniformes,Cyprinidae,Rhinichthys,Rhinichthys sp.
397,Actinopterygii,Cyprinodontiformes,Poeciliidae,Gambusia,Gambusia sp.
398,Actinopterygii,Acipenseriformes,Polyodontidae,Polyodon,Polyodon spathula
399,Actinopterygii,Siluriformes,Ictaluridae,Ictalurus,Ictalurus sp.
400,Actinopterygii,Characiformes,Characidae,Astyanax,Astyanax fasciatus
401,Actinopterygii,Cypriniformes,Cyprinidae,Cyprinion,Cyprinion watsoni
402,Actinopterygii,Characiformes,Characidae,Hyphessobrycon,Hyphessobrycon bifasciatus
403,Actinopterygii,Cypriniformes,Cyprinidae,Abramis,Abramis brama
404,Actinopterygii,Cypriniformes,Cyprinidae,Barbus,Barbus dorsalis
405,Actinopterygii,Perciformes,Sparidae,Acanthopagrus,Acanthopagrus schlegelii
406,Actinopterygii,Cypriniformes,Cyprinidae,Notropis,Notropis blennius
407,Actinopterygii,Cypriniformes,Catostomidae,Catostomus,Catostomus catostomus
408,Actinopterygii,Perciformes,Pomacentridae,Chrysiptera,Chrysiptera cyanea
409,Actinopterygii,Perciformes,Cichlidae,Herotilapia,Herotilapia multispinosa
410,Actinopterygii,Perciformes,Cichlidae,Cichlasoma,Cichlasoma citrinellum
411,Actinopterygii,Clupeiformes,Clupeidae,Sardinops,Sardinops sagax
412,Actinopterygii,Perciformes,Haemulidae,Haemulon,Haemulon sp.
413,Actinopterygii,Perciformes,Gerreidae,Eucinostomus,Eucinostomus gula
414,Actinopterygii,Perciformes,Gerreidae,Gerres,Gerres cinereus
415,Actinopterygii,Cyprinodontiformes,Fundulidae,Lucania,Lucania parva
416,Actinopterygii,Perciformes,Sparidae,Archosargus,Archosargus probatocephalus
417,Actinopterygii,Scorpaeniformes,Cottidae,Cottus,Cottus gobio
418,Actinopterygii,Perciformes,Gobiidae,Proterorhinus,Proterorhinus marmoratus
419,Actinopterygii,Cypriniformes,Cyprinidae,Rutilus,Rutilus caspicus
420,Actinopterygii,Atheriniformes,Melanotaeniidae,Pseudomugil,Pseudomugil signifer
421,Actinopterygii,Cyprinodontiformes,Poeciliidae,Poecilia,Poecilia mexicana
422,Actinopterygii,Clupeiformes,Engraulidae,Engraulis,Engraulis japonicus
423,Actinopterygii,Perciformes,Kyphosidae,Microcanthus,Microcanthus strigatus
424,Actinopterygii,Tetraodontiformes,Balistidae,Navodon,Navodon modestus
425,Chondrichthyes,Rajiformes,Rajidae,Raja,Raja clavata
426,Actinopterygii,Cypriniformes,Catostomidae,Xyrauchen,Xyrauchen texanus
427,Actinopterygii,Cypriniformes,Cyprinidae,Gila,Gila elegans
428,Actinopterygii,Salmoniformes,Salmonidae,Oncorhynchus,Oncorhynchus gilae
429,Actinopterygii,Perciformes,Serranidae,Serranus,Serranus cabrilla
430,Actinopterygii,Perciformes,Percidae,Perca,Perca sp.
431,Actinopterygii,Cyprinodontiformes,Cyprinodontidae,Fundulus,Fundulus confluentus
432,Actinopterygii,Cypriniformes,Cyprinidae,Barilius,Barilius vagra
433,Actinopterygii,Osteoglossiformes,Mormyridae,Gnathonemus,Gnathonemus tamandua
434,Actinopterygii,Perciformes,Gobiidae,Neogobius,Neogobius melanostomus
435,Actinopterygii,Perciformes,Gobiidae,Neogobius,Neogobius fluviatilis
436,Actinopterygii,Acipenseriformes,Acipenseridae,Huso,Huso huso
437,Actinopterygii,Acipenseriformes,Acipenseridae,Acipenser,Acipenser ruthenus
438,Actinopterygii,Cypriniformes,Cyprinidae,Rhinichthys,Rhinichthys osculus
439,Actinopterygii,Mugiliformes,Mugilidae,Mugil,Mugil saliens
440,Actinopterygii,Perciformes,Zoarcidae,Zoarces,Zoarces viviparus
441,Actinopterygii,Acipenseriformes,Acipenseridae,Acipenser,Acipenser baerii
442,Actinopterygii,Cyprinodontiformes,Poeciliidae,Poecilia,Poecilia sphenops
443,Actinopterygii,Cyprinodontiformes,Cyprinodontidae,Adinia,Adinia xenica
444,Actinopterygii,Cypriniformes,Cyprinidae,Acheilognathus,Acheilognathus moriokae
445,Actinopterygii,Siluriformes,Siluridae,Wallago,Wallago attu
446,Actinopterygii,Cypriniformes,Cyprinidae,Labeo,Labeo bata
447,Actinopterygii,Cypriniformes,Cyprinidae,Vimba,Vimba vimba
448,Actinopterygii,Perciformes,Sparidae,Diplodus,Diplodus bermudensis
449,Actinopterygii,Beryciformes,Holocentridae,Holocentrus,Holocentrus rufus
450,Actinopterygii,Perciformes,Haemulidae,Haemulon,Haemulon flavolineatum
451,Actinopterygii,Cyprinodontiformes,Poeciliidae,Poeciliopsis,Poeciliopsis monacha
452,Chondrichthyes,Squaliformes,Squalidae,Squalus,Squalus acanthias
453,Actinopterygii,Pleuronectiformes,Scophthalmidae,Psetta,Psetta maeotica
454,Cephalaspidomorphi,Petromyzontiformes,Petromyzontidae,Lampetra,Lampetra appendix
455,Actinopterygii,Perciformes,Lutjanidae,Lutjanus,Lutjanus argentimaculatus
456,Actinopterygii,Siluriformes,Callichthyidae,Callichthys,Callichthys callichthys
457,Actinopterygii,Cyprinodontiformes,Cyprinodontidae,Aplocheilus,Aplocheilus melanostigma
458,Actinopterygii,Perciformes,Serranidae,Epinephelus,Epinephelus sp.
459,Actinopterygii,Pleuronectiformes,Soleidae,Trinectes,Trinectes maculatus
460,Actinopterygii,Cyprinodontiformes,Cyprinodontidae,Fundulus,Fundulus ocellaris
461,Actinopterygii,Cyprinodontiformes,Poeciliidae,Heterandria,Heterandria formosa
462,Actinopterygii,Cypriniformes,Balitoridae,Nemacheilus,Nemacheilus botia
463,Actinopterygii,Perciformes,Cichlidae,Cichlasoma,Cichlasoma nigrofasciatum
464,Actinopterygii,Perciformes,Oplegnathidae,Oplegnathus,Oplegnathus fasciatus
465,Actinopterygii,Cypriniformes,Cyprinidae,Notropis,Notropis anogenus
466,Actinopterygii,Perciformes,Gobiidae,Gobio,Gobio gobio
467,Actinopterygii,Salmoniformes,Salmonidae,Coregonus,Coregonus lavaretus
468,Actinopterygii,Salmoniformes,Salmonidae,Coregonus,Coregonus peled
469,Actinopterygii,Acipenseriformes,Acipenseridae,Acipenser,Acipenser stellatus
470,Actinopterygii,Osmeriformes,Osmeridae,Mallotus,Mallotus villosus
471,Actinopterygii,Cypriniformes,Cyprinidae,Rhodeus,Rhodeus sericeus
472,Actinopterygii,Cypriniformes,Cyprinidae,Esomus,Esomus danricus
473,Chondrichthyes,Rajiformes,Rajidae,Raja,Raja ocellata
474,Actinopterygii,Atheriniformes,Atherinidae,Basilichthys,Basilichthys australis
475,Actinopterygii,Perciformes,Cichlidae,Tilapia,Tilapia kottae
476,Actinopterygii,Perciformes,Cichlidae,Hemichromis,Hemichromis fasciatus
477,Actinopterygii,Cypriniformes,Cyprinidae,Labeo,Labeo calbasu
478,Actinopterygii,Scorpaeniformes,Cottidae,Oligocottus,Oligocottus maculosus
479,Actinopterygii,Perciformes,Eleotridae,Hypseleotris,Hypseleotris galii
480,Actinopterygii,Cypriniformes,Cyprinidae,Chalcalburnus,Chalcalburnus chalcoides
481,Actinopterygii,Cypriniformes,Cyprinidae,Squalius,Squalius cephalus
482,Actinopterygii,Cypriniformes,Cyprinidae,Zacco,Zacco platypus
483,Actinopterygii,Siluriformes,Ictaluridae,Noturus,Noturus miurus
484,Actinopterygii,Perciformes,Centrarchidae,Lepomis,Lepomis marginatus
485,Actinopterygii,Scorpaeniformes,Cottidae,Cottus,Cottus sp.
486,Actinopterygii,Perciformes,Anabantidae,Betta,Betta splendens
487,Actinopterygii,Cypriniformes,Cyprinidae,Abramis,Abramis ballerus
488,Actinopterygii,Perciformes,Labridae,Halichoeres,Halichoeres poecilopterus
489,Actinopterygii,Tetraodontiformes,Tetraodontidae,Fugu,Fugu niphobles
490,Actinopterygii,Perciformes,Centropomidae,Ambassis,Ambassis sp.
491,Actinopterygii,Perciformes,Cichlidae,Pseudocrenilabrus,Pseudocrenilabrus philander
492,Actinopterygii,Cypriniformes,Cyprinidae,Barbus,Barbus anoplus
493,Actinopterygii,Cypriniformes,Cyprinidae,Barbus,Barbus natalensis
494,Actinopterygii,Cypriniformes,Cyprinidae,Barbus,Barbus gurneyi
495,Actinopterygii,Perciformes,Pomacentridae,Pomacentrus,Pomacentrus leucostictus
496,Chondrichthyes,Rajiformes,Rajidae,Raja,Raja eglanteria
497,Actinopterygii,Tetraodontiformes,Tetraodontidae,Monacanthus,Monacanthus hispidus
498,Actinopterygii,Salmoniformes,Salmonidae,Coregonus,Coregonus migratorius
499,Actinopterygii,Perciformes,Nandidae,Nandus,Nandus nandus
500,Actinopterygii,Cypriniformes,Cyprinidae,Zacco,Zacco temmincki
501,Actinopterygii,Gadiformes,Gadidae,Pollachius,Pollachius virens
502,Actinopterygii,Gasterosteiformes,Gasterosteidae,Spinachia,Spinachia spinachia
503,Actinopterygii,Scorpaeniformes,Cottidae,Myoxocephalus,Myoxocephalus scorpius
504,Actinopterygii,Siluriformes,Pimelodidae,Pimelodus,Pimelodus maculatus
505,Actinopterygii,Perciformes,Pomacentridae,Chromis,Chromis punctipinnis
506,Chondrichthyes,Rajiformes,Rajidae,Leucoraja,Leucoraja erinacea
507,Actinopterygii,Pleuronectiformes,Bothidae,Paralichthys,Paralichthys lethostigma
508,Chondrichthyes,Rajiformes,Dasyatidae,Dasyatis,Dasyatis sabina
509,Actinopterygii,Gadiformes,Gadidae,Microgadus,Microgadus tomcod
510,Actinopterygii,Perciformes,Cichlidae,Tilapia,Tilapia spilurus
511,Actinopterygii,Perciformes,Cichlidae,Australoheros,Australoheros facetus
512,Actinopterygii,Cypriniformes,Cyprinidae,Nothobranchius,Nothobranchius guentheri
513,Actinopterygii,Perciformes,Percidae,Eupomatis,Eupomatis gibbosus
514,Actinopterygii,Perciformes,Cichlidae,Tilapia,Tilapia natalensis
515,Actinopterygii,Perciformes,Cichlidae,Cichla,Cichla ocellaris
516,Actinopterygii,Perciformes,Cichlidae,Astronotus,Astronotus ocellatus
517,Actinopterygii,Cyprinodontiformes,Poeciliidae,Poecilia,Poecilia vivipara
518,Actinopterygii,Perciformes,Channidae,Channa,Channa argus
519,Actinopterygii,Siluriformes,Bagridae,Mystus,Mystus cavasius
520,Actinopterygii,Perciformes,Cichlidae,Haplochromis,Haplochromis burtoni
521,Actinopterygii,Pleuronectiformes,Pleuronectidae,Psettichthys,Psettichthys melanostictus
522,Actinopterygii,Perciformes,Cichlidae,Sarotherodon,Sarotherodon galilaeus
523,Actinopterygii,Perciformes,Cichlidae,Etroplus,Etroplus suratensis
524,Actinopterygii,Cypriniformes,Cyprinidae,Danio,Danio malabaricus
525,Actinopterygii,Salmoniformes,Salmonidae,Prosopium,Prosopium williamsoni
526,Actinopterygii,Cypriniformes,Cyprinidae,Nuria,Nuria danrica
527,Actinopterygii,Mugiliformes,Mugilidae,Rhinomugil,Rhinomugil corsula
528,Actinopterygii,Perciformes,Gobiidae,Chasmichthys,Chasmichthys gulosus
529,Actinopterygii,Cyprinodontiformes,Cyprinodontidae,Cyprinodon,Cyprinodon dearborni
530,Actinopterygii,Cypriniformes,Balitoridae,Noemacheilus,Noemacheilus denisonii
531,Actinopterygii,Cypriniformes,Cyprinidae,Nothobranchius,Nothobranchius rachovii
532,Actinopterygii,Pleuronectiformes,Pleuronectidae,Hippoglossoides,Hippoglossoides platessoides
533,Actinopterygii,Scorpaeniformes,Cyclopteridae,Cyclopterus,Cyclopterus lumpus
534,Actinopterygii,Perciformes,Gobiidae,Acanthogobius,Acanthogobius flavimanus
535,Actinopterygii,Perciformes,Centrarchidae,Chaenobryttus,Chaenobryttus gulosus
536,Actinopterygii,Cypriniformes,Cyprinidae,Garra,Garra mullya
537,Actinopterygii,Cyprinodontiformes,Cyprinodontidae,Aplocheilus,Aplocheilus lineatus
538,Actinopterygii,Perciformes,Osphronemidae,Pseudosphromenus,Pseudosphromenus cupanus
539,Actinopterygii,Cyprinodontiformes,Poeciliidae,Poecilia,Poecilia formosa
540,Actinopterygii,Batrachoidiformes,Batrachoididae,Halobatrachus,Halobatrachus didactylus
541,Actinopterygii,Acipenseriformes,Acipenseridae,Acipenser,Acipenser gueldenstaedtii
542,Actinopterygii,Cypriniformes,Cyprinidae,Rutilus,Rutilus kutum
543,Actinopterygii,Cypriniformes,Cyprinidae,Carassius,Carassius gibelio
544,Actinopterygii,Batrachoidiformes,Batrachoididae,Opsanus,Opsanus beta
545,Actinopterygii,Perciformes,Pomacentridae,Amphiprion,Amphiprion ocellaris
546,Actinopterygii,Cypriniformes,Cyprinidae,Barbus,Barbus sharpeyi
547,Actinopterygii,Perciformes,Cichlidae,Geophagus,Geophagus brasiliensis
548,Actinopterygii,Salmoniformes,Salmonidae,Salvelinus,Salvelinus alpinus
549,Actinopterygii,Cypriniformes,Cyprinidae,Labeo,Labeo umbratus
550,Actinopterygii,Perciformes,Centrarchidae,Micropterus,Micropterus treculii
551,Actinopterygii,Cypriniformes,Cyprinidae,Rasbora,Rasbora sp.
552,Cephalaspidomorphi,Petromyzontiformes,Petromyzontidae,Petromyzon,Petromyzon sp.
553,Cephalaspidomorphi,Petromyzontiformes,Petromyzontidae,Ichthyomyzon,Ichthyomyzon sp.
554,Cephalaspidomorphi,Petromyzontiformes,Petromyzontidae,Lampetra,Lampetra sp.
555,Actinopterygii,Characiformes,Curimatidae,Semaprochilodus,Semaprochilodus insignis
556,Actinopterygii,Cypriniformes,Cyprinidae,Opsariichthys,Opsariichthys uncirostris
557,Actinopterygii,Perciformes,Percidae,Gymnocephalus,Gymnocephalus cernuus
558,Actinopterygii,Salmoniformes,Salmonidae,Coregonus,Coregonus muksun
559,Actinopterygii,Siluriformes,Bagridae,Mystus,Mystus keletius
560,Actinopterygii,Cypriniformes,Balitoridae,Noemacheilus,Noemacheilus montanus
561,Actinopterygii,Cyprinodontiformes,Poeciliidae,Poeciliopsis,Poeciliopsis sp.
562,Actinopterygii,Siluriformes,Plotosidae,Cnidoglanis,Cnidoglanis macrocephalus
563,Actinopterygii,Perciformes,Sillaginidae,Sillago,Sillago bassensis
564,Actinopterygii,Atheriniformes,Atherinidae,Atherina,Atherina hepsetus
565,Actinopterygii,Mugiliformes,Mugilidae,Liza,Liza aurata
566,Actinopterygii,Perciformes,Gobiidae,Gobius,Gobius niger
567,Actinopterygii,Siluriformes,Bagridae,Mystus,Mystus bleekeri
568,Actinopterygii,Perciformes,Centrarchidae,Lepomis,Lepomis symmetricus
569,Actinopterygii,Cypriniformes,Cyprinidae,Phoxinus,Phoxinus lagowskii
570,Actinopterygii,Cypriniformes,Cyprinidae,Leuciscus,Leuciscus hakonensis
571,Actinopterygii,Cypriniformes,Cyprinidae,Eigenmannia,Eigenmannia virescens
572,Actinopterygii,Cypriniformes,Cyprinidae,Danio,Danio devario
573,Actinopterygii,Perciformes,Centropomidae,Ambassis,Ambassis gymnocephalus
574,Actinopterygii,Cyprinodontiformes,Cyprinodontidae,Aplocheilus,Aplocheilus panchax
575,Actinopterygii,Cypriniformes,Cyprinidae,Chela,Chela cachius
576,Actinopterygii,Beloniformes,Adrianichthyidae,Oryzias,Oryzias melastigma
577,Actinopterygii,Cyprinodontiformes,Poeciliidae,Cnesterodon,Cnesterodon decemmaculatus
578,Actinopterygii,Perciformes,Sparidae,Stenotomus,Stenotomus versicolor
579,Actinopterygii,Cypriniformes,Cyprinidae,Platygobio,Platygobio gracilis
580,Actinopterygii,Percopsiformes,Percopsidae,Percopsis,Percopsis omiscomaycus
581,Actinopterygii,Gadiformes,Gadidae,Lota,Lota lota
582,Actinopterygii,Perciformes,Centrarchidae,Lepomis,Lepomis auritus
583,Actinopterygii,Atheriniformes,Melanotaeniidae,Melanotaenia,Melanotaenia fluviatilis
584,Actinopterygii,Characiformes,Characidae,Astyanax,Astyanax bimaculatus
585,Actinopterygii,Perciformes,Gobiidae,Gobius,Gobius sp.
586,Actinopterygii,Siluriformes,Plotosidae,Plotosus,Plotosus anguillaris
587,Actinopterygii,Perciformes,Serranidae,Epinephelus,Epinephelus akaara
588,Actinopterygii,Semionotiformes,Lepisosteidae,Lepisosteus,Lepisosteus oculatus
589,Actinopterygii,Clupeiformes,Clupeidae,Brevoortia,Brevoortia sp.
590,Actinopterygii,Gasterosteiformes,Syngnathidae,Syngnathus,Syngnathus sp.
591,Actinopterygii,Perciformes,Sciaenidae,Argyrosomus,Argyrosomus japonicus
592,Actinopterygii,Mugiliformes,Mugilidae,Liza,Liza parsia
593,Actinopterygii,Cypriniformes,Catostomidae,Catostomus,Catostomus platyrhynchus
594,Actinopterygii,Cypriniformes,Cyprinidae,Hybognathus,Hybognathus placitus
595,Actinopterygii,Scorpaeniformes,Cottidae,Myoxocephalus,Myoxocephalus aenaeus
596,Actinopterygii,Perciformes,Pomacentridae,Pomacentrus,Pomacentrus coelestis
597,Actinopterygii,Siluriformes,Mochokidae,Synodontis,Synodontis sp.
598,Actinopterygii,Cypriniformes,Cyprinidae,Barbus,Barbus sp.
599,Actinopterygii,Cyprinodontiformes,Cyprinodontidae,Aplocheilichthys,Aplocheilichthys johnstonii
600,Actinopterygii,Perciformes,Gobiidae,Pomatoschistus,Pomatoschistus microps
601,Actinopterygii,Synbranchiformes,Mastacembelidae,Macrognathus,Macrognathus aculeatus
602,Actinopterygii,Siluriformes,Trichomycteridae,Trichomycterus,Trichomycterus brasiliensis
603,Actinopterygii,Perciformes,Centrarchidae,Micropterus,Micropterus punctulatus
604,Actinopterygii,Perciformes,Gerreidae,Eucinostomus,Eucinostomus argenteus
605,Actinopterygii,Siluriformes,Clariidae,Clarias,Clarias ngamensis
606,Actinopterygii,Perciformes,Belonidae,Belone,Belone belone
607,Actinopterygii,Characiformes,Hepsetidae,Hepsetus,Hepsetus odoe
608,Actinopterygii,Perciformes,Labridae,Ctenolabrus,Ctenolabrus rupestris
609,Actinopterygii,Pleuronectiformes,Bothidae,Paralichthys,Paralichthys orbignyanus
610,Actinopterygii,Perciformes,Sillaginidae,Sillago,Sillago japonica
611,Actinopterygii,Perciformes,Cichlidae,Oreochromis,Oreochromis mossambicus X urolepis
612,Actinopterygii,Siluriformes,Ictaluridae,Platycephalus,Platycephalus bassensis
613,Actinopterygii,Perciformes,Gobiidae,Bathygobius,Bathygobius fuscus
614,Actinopterygii,Perciformes,Haemulidae,Orthopristis,Orthopristis ruber
615,Actinopterygii,Perciformes,Sparidae,Acanthopagrus,Acanthopagrus australis
616,Actinopterygii,Perciformes,Cichlidae,Cichlasoma,Cichlasoma managuense
617,Actinopterygii,Pleuronectiformes,Pleuronectidae,Hippoglossus,Hippoglossus hippoglossus
618,Actinopterygii,Perciformes,Nototheniidae,Trematomus,Trematomus bernacchii
619,Actinopterygii,Cypriniformes,Cyprinidae,Opsopoeodus,Opsopoeodus emiliae
620,Actinopterygii,Perciformes,Haemulidae,Parapristipoma,Parapristipoma trilineatum
621,Actinopterygii,Scorpaeniformes,Scorpaenidae,Sebastes,Sebastes schlegelii
622,Actinopterygii,Siluriformes,Ariidae,Nemapteryx,Nemapteryx nenga
623,Actinopterygii,Perciformes,Channidae,Channa,Channa stewartii
624,Actinopterygii,Perciformes,Cichlidae,Tilapia,Tilapia macrochir
625,Actinopterygii,Perciformes,Cichlidae,Tilapia,Tilapia pangani
626,Actinopterygii,Cypriniformes,Cyprinidae,Garra,Garra gotyla
627,Actinopterygii,Cyprinodontiformes,Cyprinodontidae,Aphyosemion,Aphyosemion gardneri
628,Actinopterygii,Perciformes,Serranidae,Epinephelus,Epinephelus adscensionis
629,Actinopterygii,Perciformes,Serranidae,Cephalopholis,Cephalopholis cruentata
630,Actinopterygii,Perciformes,Lutjanidae,Ocyurus,Ocyurus chrysurus
631,Actinopterygii,Siluriformes,Bagridae,Chrysichthys,Chrysichthys auratus
632,Actinopterygii,Cyprinodontiformes,Cyprinodontidae,Fundulus,Fundulus sp.
633,Cephalaspidomorphi,Petromyzontiformes,Petromyzontidae,Lampetra,Lampetra fluviatilis
634,Actinopterygii,Pleuronectiformes,Pleuronectidae,Microstomus,Microstomus kitt
635,Actinopterygii,Cypriniformes,Cyprinidae,Notropis,Notropis ludibundis
636,Actinopterygii,Acipenseriformes,Acipenseridae,Acipenser,Acipenser transmontanus
637,Actinopterygii,Esociformes,Esocidae,Esox,Esox americanus
638,Actinopterygii,Perciformes,Teraponidae,Pelsartia,Pelsartia humeralis
639,Actinopterygii,Cypriniformes,Cyprinidae,Phoxinus,Phoxinus neogaeus
640,Actinopterygii,Characiformes,Characidae,Paracheirodon,Paracheirodon axelrodi
641,Actinopterygii,Perciformes,Percichthyidae,Macquaria,Macquaria novemaculeata
642,Actinopterygii,Cypriniformes,Catostomidae,Myxocyprinus,Myxocyprinus asiaticus
643,Actinopterygii,Salmoniformes,Salmonidae,Coregonus,Coregonus artedii
644,Actinopterygii,Cypriniformes,Cyprinidae,Acrossocheilus,Acrossocheilus paradoxus
645,Actinopterygii,Cypriniformes,Cyprinidae,Orthodon,Orthodon microlepidotus
646,Actinopterygii,Cypriniformes,Catostomidae,Catostomus,Catostomus latipinnis
647,Actinopterygii,Siluriformes,Bagridae,Hemibagrus,Hemibagrus nemurus
648,Actinopterygii,Siluriformes,Loricariidae,Hypostomus,Hypostomus plecostomus
649,Actinopterygii,Cypriniformes,Cyprinidae,Puntius,Puntius tetrazona
650,Actinopterygii,Characiformes,Characidae,Hyphessobrycon,Hyphessobrycon herbertaxelrodi
651,Actinopterygii,Perciformes,Cichlidae,Pterophyllum,Pterophyllum scalare
652,Actinopterygii,Perciformes,Gobiidae,Periophthalmus,Periophthalmus dipus
653,Actinopterygii,Characiformes,Characidae,Hyphessobrycon,Hyphessobrycon sovichthys
654,Myxini,Myxiniformes,Myxinidae,Myxine,Myxine glutinosa
655,Actinopterygii,Cypriniformes,Catostomidae,Deltistes,Deltistes luxatus
656,Actinopterygii,Cypriniformes,Catostomidae,Chasmistes,Chasmistes brevirostris
657,Actinopterygii,Cypriniformes,Cyprinidae,Carassius,Carassius cuvieri
658,Actinopterygii,Atheriniformes,Atherinidae,Austromenidia,Austromenidia laticlavia
659,Actinopterygii,Osmeriformes,Galaxiidae,Galaxias,Galaxias fasciatus
660,Actinopterygii,Perciformes,Eleotridae,Gobiomorphus,Gobiomorphus cotidianus
661,Actinopterygii,Osmeriformes,Retropinnidae,Retropinna,Retropinna retropinna
662,Actinopterygii,Perciformes,Eleotridae,Gobiomorphus,Gobiomorphus huttoni
663,Actinopterygii,Anguilliformes,Anguillidae,Anguilla,Anguilla dieffenbachii
664,Actinopterygii,Anguilliformes,Anguillidae,Anguilla,Anguilla australis
665,Actinopterygii,Cypriniformes,Cyprinidae,Leuciscus,Leuciscus leuciscus
666,Actinopterygii,Gadiformes,Gadidae,Gadus,Gadus ogac
667,Actinopterygii,Gadiformes,Gadidae,Eleginus,Eleginus navaga
668,Actinopterygii,Perciformes,Anarhichadidae,Anarhichas,Anarhichas lupus
669,Actinopterygii,Perciformes,Cichlidae,Heros,Heros severus
670,Actinopterygii,Characiformes,Characidae,Macropsobrycon,Macropsobrycon uruguayanae
671,Actinopterygii,Siluriformes,Pimelodidae,Lophiosilurus,Lophiosilurus alexandri
672,Actinopterygii,Siluriformes,Trichomycteridae,Trichomycterus,Trichomycterus zonatus
673,Actinopterygii,Pleuronectiformes,Soleidae,Solea,Solea senegalensis
674,Actinopterygii,Perciformes,Centrarchidae,Enneacanthus,Enneacanthus chaetodon
675,Actinopterygii,Characiformes,Characidae,Aphyocharax,Aphyocharax rubripinnis
676,Actinopterygii,Cypriniformes,Cyprinidae,Puntius,Puntius cumingii
677,Actinopterygii,Perciformes,Sparidae,Sparus,Sparus sp.
678,Actinopterygii,Siluriformes,Clariidae,Clarias,Clarias albopunctatus
679,Actinopterygii,Characiformes,Characidae,Paracheirodon,Paracheirodon innesi
680,Actinopterygii,Perciformes,Gobiidae,Apocryptes,Apocryptes bato
681,Actinopterygii,Cypriniformes,Cyprinidae,Danio,Danio aequipinnatus
682,Actinopterygii,Characiformes,Characidae,Piaractus,Piaractus mesopotamicus
683,Actinopterygii,Characiformes,Curimatidae,Prochilodus,Prochilodus scrofa
684,Actinopterygii,Perciformes,Percidae,Etheostoma,Etheostoma rubrum
685,Actinopterygii,Perciformes,Percidae,Etheostoma,Etheostoma lepidum
686,Actinopterygii,Acipenseriformes,Acipenseridae,Scaphirhynchus,Scaphirhynchus platorynchus
687,Actinopterygii,Cyprinodontiformes,Poeciliidae,Poeciliopsis,Poeciliopsis occidentalis
688,Actinopterygii,Beloniformes,Adrianichthyidae,Oryzias,Oryzias sp.
689,Actinopterygii,Salmoniformes,Salmonidae,Salmo,Salmo sp.
690,Actinopterygii,Cyprinodontiformes,Cyprinodontidae,Aphanius,Aphanius iberus
691,Actinopterygii,Perciformes,Teraponidae,Hephaestus,Hephaestus carbo
692,Actinopterygii,Perciformes,Percidae,Etheostoma,Etheostoma fonticola
693,Actinopterygii,Cypriniformes,Cyprinidae,Gobiocypris,Gobiocypris rarus
694,Actinopterygii,Cyprinodontiformes,Cyprinodontidae,Fundulus,Fundulus kansae
695,Actinopterygii,Salmoniformes,Salmonidae,Salvelinus,Salvelinus confluentus
696,Actinopterygii,Cyprinodontiformes,Cyprinodontidae,Cyprinodon,Cyprinodon bovinus
697,Actinopterygii,Siluriformes,Mochokidae,Synodontis,Synodontis eupterus
698,Actinopterygii,Scorpaeniformes,Cottidae,Taurulus,Taurulus bubalis
699,Actinopterygii,Gadiformes,Gadidae,Pollachius,Pollachius pollachius
700,Actinopterygii,Scorpaeniformes,Cottidae,Myoxocephalus,Myoxocephalus octodecemspinosus
701,Actinopterygii,Cypriniformes,Cyprinidae,Erimonax,Erimonax monachus
702,Actinopterygii,Gadiformes,Gadidae,Melanogrammus,Melanogrammus aeglefinus
703,Actinopterygii,Acipenseriformes,Acipenseridae,Acipenser,Acipenser brevirostrum
704,Actinopterygii,Cypriniformes,Cyprinidae,Notropis,Notropis mekistocholas
705,Actinopterygii,Acipenseriformes,Acipenseridae,Acipenser,Acipenser oxyrhynchus
706,Actinopterygii,Siluriformes,Ictaluridae,Ictalurus,Ictalurus platycephalus
707,Actinopterygii,Pleuronectiformes,Pleuronectidae,Limanda,Limanda punctatissima
708,Actinopterygii,Cypriniformes,Cyprinidae,Pogonichthys,Pogonichthys macrolepidotus
709,Actinopterygii,Perciformes,Gobiidae,Boleophthalmus,Boleophthalmus boddarti
710,Actinopterygii,Perciformes,Gobiidae,Periophthalmodon,Periophthalmodon schlosseri
711,Actinopterygii,Characiformes,Erythrinidae,Hoplias,Hoplias malabaricus
712,Actinopterygii,Siluriformes,Heptapteridae,Rhamdia,Rhamdia quelen
713,Actinopterygii,Perciformes,Cichlidae,Aulonocara,Aulonocara jacobfreibergi
714,Actinopterygii,Characiformes,Characidae,Brycon,Brycon cephalus
715,Actinopterygii,Osmeriformes,Galaxiidae,Galaxias,Galaxias truttaceus
716,Actinopterygii,Perciformes,Labridae,Symphodus,Symphodus melops
717,Actinopterygii,Perciformes,Siganidae,Siganus,Siganus guttatus
718,Actinopterygii,Perciformes,Serranidae,Epinephelus,Epinephelus coioides
719,Actinopterygii,Atheriniformes,Atherinopsidae,Odontesthes,Odontesthes regia
720,Actinopterygii,Cypriniformes,Cyprinidae,Onychostoma,Onychostoma barbata
721,Actinopterygii,Cypriniformes,Cyprinidae,Candidia,Candidia barbatus
722,Actinopterygii,Atheriniformes,Atherinopsidae,Odontesthes,Odontesthes bonariensis
723,Actinopterygii,Cyprinodontiformes,Rivulidae,Cynopoecilus,Cynopoecilus melanotaenia
724,Actinopterygii,Mugiliformes,Mugilidae,Liza,Liza carinata
725,Actinopterygii,Gymnotiformes,Apteronotidae,Apteronotus,Apteronotus leptorhynchus
726,Actinopterygii,Gadiformes,Gadidae,Theragra,Theragra chalcogramma
727,Actinopterygii,Cypriniformes,Cyprinidae,Barbonymus,Barbonymus gonionotus
728,Actinopterygii,Tetraodontiformes,Tetraodontidae,Takifugu,Takifugu rubripes
729,Actinopterygii,Siluriformes,Callichthyidae,Corydoras,Corydoras paleatus
730,Actinopterygii,Pleuronectiformes,Bothidae,Paralichthys,Paralichthys sp.
731,Actinopterygii,Perciformes,Cichlidae,Tilapia,Tilapia guineensis
732,Actinopterygii,Cyprinodontiformes,Poeciliidae,Gambusia,Gambusia yucatana
733,Actinopterygii,Perciformes,Pomacentridae,Pomacentrus,Pomacentrus amboinensis
734,Actinopterygii,Perciformes,Eleotridae,Hypseleotris,Hypseleotris klunzingeri
735,Actinopterygii,Characiformes,Anostomidae,Leporinus,Leporinus obtusidens
736,Actinopterygii,Tetraodontiformes,Tetraodontidae,Sphoeroides,Sphoeroides sp.
737,Actinopterygii,Siluriformes,Clariidae,Clarias,Clarias submarginatus
738,Actinopterygii,Perciformes,Scombridae,Thunnus,Thunnus albacares
739,Actinopterygii,Perciformes,Gobiidae,Boleophthalmus,Boleophthalmus sp.
740,Actinopterygii,Siluriformes,Clariidae,Heterobranchus,Heterobranchus longifilis
741,Actinopterygii,Perciformes,Siganidae,Siganus,Siganus rivulatus
742,Actinopterygii,Perciformes,Mullidae,Parupeneus,Parupeneus barberinus
743,Actinopterygii,Siluriformes,Callichthyidae,Hoplosternum,Hoplosternum littorale
744,Actinopterygii,Perciformes,Pomacentridae,Amphiprion,Amphiprion clarkii
745,Actinopterygii,Characiformes,Characidae,Astyanax,Astyanax sp.
746,Actinopterygii,Cyprinodontiformes,Anablepidae,Jenynsia,Jenynsia multidentata
747,Actinopterygii,Characiformes,Characidae,Metynnis,Metynnis lippincottianus
748,Actinopterygii,Cypriniformes,Balitoridae,Nemacheilus,Nemacheilus angorae
749,Actinopterygii,Pleuronectiformes,Paralichthyidae,Citharichthys,Citharichthys sordidus
750,Actinopterygii,Batrachoidiformes,Batrachoididae,Porichthys,Porichthys notatus
751,Chondrichthyes,Rajiformes,Rajidae,Raja,Raja rhina
752,Actinopterygii,Perciformes,Sparidae,Rhabdosargus,Rhabdosargus sarba
753,Actinopterygii,Acipenseriformes,Acipenseridae,Scaphirhynchus,Scaphirhynchus albus
754,Actinopterygii,Characiformes,Hemiodontidae,Apareiodon,Apareiodon affinis
755,Actinopterygii,Perciformes,Gobiidae,Gobius,Gobius paganellus
756,Actinopterygii,Characiformes,Characidae,Metynnis,Metynnis orinocensis
757,Actinopterygii,Siluriformes,Pimelodidae,Pseudoplatystoma,Pseudoplatystoma corruscans
758,Actinopterygii,Osmeriformes,Osmeridae,Osmerus,Osmerus eperlanus
759,Actinopterygii,Cypriniformes,Cobitidae,Paramisgurnus,Paramisgurnus dabryanus
760,Actinopterygii,Cypriniformes,Cyprinidae,Lavinia,Lavinia exilicauda
761,Actinopterygii,Siluriformes,Loricariidae,Ancistrus,Ancistrus multispinis
762,Actinopterygii,Perciformes,Centrarchidae,Enneacanthus,Enneacanthus sp.
763,Actinopterygii,Cyprinodontiformes,Fundulidae,Lucania,Lucania goodei
764,Actinopterygii,Cyprinodontiformes,Cyprinodontidae,Fundulus,Fundulus chrysotus
765,Actinopterygii,Perciformes,Centrarchidae,Centrarchus,Centrarchus macropterus
766,Actinopterygii,Perciformes,Gobiidae,Pomatoschistus,Pomatoschistus sp.
767,Actinopterygii,Perciformes,Gobiidae,Glossogobius,Glossogobius sp.
768,Actinopterygii,Cypriniformes,Cyprinidae,Amblypharyngodon,Amblypharyngodon mola
769,Actinopterygii,Synbranchiformes,Mastacembelidae,Mastacembelus,Mastacembelus armatus
770,Actinopterygii,Cypriniformes,Cyprinidae,Cirrhinus,Cirrhinus cirrhosus
771,Actinopterygii,Cypriniformes,Cyprinidae,Puntius,Puntius sp.
772,Actinopterygii,Osteoglossiformes,Notopteridae,Chitala,Chitala chitala
773,Actinopterygii,Perciformes,Stromateidae,Peprilus,Peprilus triacanthus
774,Actinopterygii,Perciformes,Coryphaenidae,Coryphaena,Coryphaena hippurus
775,Actinopterygii,Beloniformes,Adrianichthyidae,Oryzias,Oryzias javanicus
776,Actinopterygii,Perciformes,Cichlidae,Caquetaia,Caquetaia kraussii
777,Actinopterygii,Perciformes,Rachycentridae,Rachycentron,Rachycentron canadum
778,Actinopterygii,Characiformes,Characidae,Colossoma,Colossoma macropomum
779,Actinopterygii,Perciformes,Serranidae,Epinephelus,Epinephelus malabaricus
780,Actinopterygii,Salmoniformes,Salmonidae,Oncorhynchus,Oncorhynchus sp.
781,Actinopterygii,Perciformes,Gobiidae,Periophthalmus,Periophthalmus waltoni
782,Actinopterygii,Cypriniformes,Cyprinidae,Hybognathus,Hybognathus amarus
783,Actinopterygii,Cypriniformes,Cyprinidae,Hemibarbus,Hemibarbus mylodon
784,Actinopterygii,Cyprinodontiformes,Goodeidae,Girardinichthys,Girardinichthys viviparus
785,Actinopterygii,Cypriniformes,Cyprinidae,Notropis,Notropis topeka
786,Actinopterygii,Perciformes,Pomacentridae,Chromis,Chromis viridis
787,Actinopterygii,Perciformes,Pomacentridae,Dascyllus,Dascyllus aruanus
788,Actinopterygii,Perciformes,Sparidae,Acanthopagrus,Acanthopagrus butcheri
789,Actinopterygii,Perciformes,Cichlidae,Oreochromis,Oreochromis sp.
790,Actinopterygii,Acipenseriformes,Acipenseridae,Acipenser,Acipenser sinensis
791,Actinopterygii,Gasterosteiformes,Syngnathidae,Syngnathus,Syngnathus scovelli
792,Actinopterygii,Characiformes,Characidae,Cheirodon,Cheirodon interruptus
793,Actinopterygii,Cypriniformes,Cyprinidae,Garra,Garra rufa
794,Actinopterygii,Perciformes,Mullidae,Mullus,Mullus barbatus
795,Actinopterygii,Cypriniformes,Cyprinidae,Gila,Gila cypha
796,Cephalaspidomorphi,Petromyzontiformes,Petromyzontidae,Lampetra,Lampetra tridentata
797,Actinopterygii,Acipenseriformes,Acipenseridae,Acipenser,Acipenser persicus
798,Actinopterygii,Gasterosteiformes,Syngnathidae,Hippocampus,Hippocampus abdominalis
799,Actinopterygii,Cypriniformes,Cyprinidae,Rasbora,Rasbora caverii
800,Actinopterygii,Gymnotiformes,Sternopygidae,Sternopygus,Sternopygus sp.
801,Actinopterygii,Perciformes,Latridae,Latris,Latris lineata
802,Actinopterygii,Siluriformes,Siluridae,Silurus,Silurus meridionalis
803,Actinopterygii,Tetraodontiformes,Tetraodontidae,Takifugu,Takifugu obscurus
804,Actinopterygii,Pleuronectiformes,Pleuronectidae,Pleuronichthys,Pleuronichthys verticalis
805,Actinopterygii,Scorpaeniformes,Scorpaenidae,Sebastiscus,Sebastiscus marmoratus
806,Actinopterygii,Perciformes,Lateolabracidae,Lateolabrax,Lateolabrax japonicus
807,Actinopterygii,Cypriniformes,Cyprinidae,Alburnus,Alburnus tarichi
808,Actinopterygii,Characiformes,Characidae,Brycon,Brycon amazonicus
809,Actinopterygii,Cypriniformes,Cyprinidae,Cyprinella,Cyprinella leedsi
810,Actinopterygii,Cyprinodontiformes,Cyprinodontidae,Fundulus,Fundulus seminolis
811,Actinopterygii,Osmeriformes,Osmeridae,Hypomesus,Hypomesus transpacificus
812,Actinopterygii,Perciformes,Blenniidae,Hypsoblennius,Hypsoblennius ionthas
813,Actinopterygii,Gasterosteiformes,Syngnathidae,Syngnathus,Syngnathus abaster
814,Actinopterygii,Siluriformes,Clariidae,Clarias,Clarias gariepinus X macrocephalus
815,Actinopterygii,Perciformes,Pomacentridae,Acanthochromis,Acanthochromis polyacanthus
816,Actinopterygii,Atheriniformes,Atherinopsidae,Chirostoma,Chirostoma jordani
817,Actinopterygii,Cypriniformes,Cyprinidae,Cyprinus,Cyprinus sp.
818,Actinopterygii,Siluriformes,Pangasiidae,Pangasius,Pangasius hypophthalmus
819,Actinopterygii,Cypriniformes,Cyprinidae,Barbus,Barbus grypus
820,Actinopterygii,Cyprinodontiformes,Poeciliidae,Phalloceros,Phalloceros caudimaculatus
821,Actinopterygii,Cypriniformes,Cyprinidae,Capoeta,Capoeta capoeta
822,Actinopterygii,Characiformes,Characidae,Piaractus,Piaractus brachypomus
823,Actinopterygii,Cyprinodontiformes,Goodeidae,Goodea,Goodea atripinnis
824,Actinopterygii,Osmeriformes,Galaxiidae,Galaxias,Galaxias anomalus
825,Actinopterygii,Salmoniformes,Salmonidae,Coregonus,Coregonus albula
826,Actinopterygii,Characiformes,Characidae,Hyphessobrycon,Hyphessobrycon erythrostigma
827,Actinopterygii,Characiformes,Lebiasinidae,Nannostomus,Nannostomus unifasciatus
828,Actinopterygii,Siluriformes,Loricariidae,Otocinclus,Otocinclus affinis
829,Actinopterygii,Characiformes,Characidae,Hyphessobrycon,Hyphessobrycon eques
830,Actinopterygii,Perciformes,Percidae,Sander,Sander sp.
831,Actinopterygii,Siluriformes,Pangasiidae,Pangasianodon,Pangasianodon hypophthalmus
832,Actinopterygii,Perciformes,Cichlidae,Rocio,Rocio octofasciata
833,Actinopterygii,Perciformes,Gobiidae,Synechogobius,Synechogobius hasta
834,Actinopterygii,Synbranchiformes,Synbranchidae,Synbranchus,Synbranchus marmoratus
835,Actinopterygii,Semionotiformes,Lepisosteidae,Atractosteus,Atractosteus tropicus
836,Actinopterygii,Cypriniformes,Cyprinidae,Probarbus,Probarbus jullieni
837,Actinopterygii,Cypriniformes,Cyprinidae,Barbodes,Barbodes carnaticus
838,Actinopterygii,Siluriformes,Heptapteridae,Rhamdia,Rhamdia sp.
839,Actinopterygii,Gymnotiformes,Apteronotidae,Apteronotus,Apteronotus albifrons
840,Actinopterygii,Perciformes,Sparidae,Evynnis,Evynnis japonica
841,Actinopterygii,Cypriniformes,Cyprinidae,Capoeta,Capoeta fusca
842,Actinopterygii,Gymnotiformes,Gymnotidae,Gymnotus,Gymnotus carapo
843,Actinopterygii,Cyprinodontiformes,Poeciliidae,Poecilia,Poecilia wingei
844,Actinopterygii,Cypriniformes,Cyprinidae,Tinca,Tinca sp.
845,Actinopterygii,Cypriniformes,Cyprinidae,Puntius,Puntius chola
846,Actinopterygii,Cypriniformes,Cyprinidae,Cyprinella,Cyprinella venusta
847,Actinopterygii,Cypriniformes,Cyprinidae,Cyprinella,Cyprinella sp.
848,Actinopterygii,Perciformes,Cichlidae,Parachromis,Parachromis dovii
849,Actinopterygii,Acipenseriformes,Acipenseridae,Acipenser,Acipenser schrenckii
850,Actinopterygii,Cypriniformes,Cyprinidae,Rasbora,Rasbora sumatrana
851,Actinopterygii,Perciformes,Centropomidae,Centropomus,Centropomus parallelus
852,Actinopterygii,Acipenseriformes,Acipenseridae,Acipenser,Acipenser medirostris
853,Actinopterygii,Siluriformes,Bagridae,Pelteobagrus,Pelteobagrus fulvidraco
854,Actinopterygii,Cypriniformes,Cyprinidae,Megalobrama,Megalobrama amblycephala
855,Actinopterygii,Cypriniformes,Cyprinidae,Puntius,Puntius parrah
856,Actinopterygii,Perciformes,Labridae,Thalassoma,Thalassoma pavo
857,Actinopterygii,Perciformes,Percidae,Etheostoma,Etheostoma rufilineatum
858,Actinopterygii,Osmeriformes,Galaxiidae,Galaxias,Galaxias sp.
859,Actinopterygii,Perciformes,Cichlidae,Oreochromis,Oreochromis spilurus
860,Actinopterygii,Siluriformes,Tachysuridae,Tachysurus,Tachysurus fulvidraco
861,Actinopterygii,Cypriniformes,Cyprinidae,Couesius,Couesius plumbeus
862,Actinopterygii,Perciformes,Sparidae,Diplodus,Diplodus cervinus
863,Actinopterygii,Perciformes,Sparidae,Acanthopagrus,Acanthopagrus latus
864,Actinopterygii,Cypriniformes,Cyprinidae,Mylopharyngodon,Mylopharyngodon piceus
865,Actinopterygii,Cypriniformes,Cyprinidae,Plagiognathops,Plagiognathops microlepis
866,Actinopterygii,Cypriniformes,Cyprinidae,Chanodichthys,Chanodichthys erythropterus
867,Actinopterygii,Cypriniformes,Cyprinidae,Labeo,Labeo niloticus
868,Actinopterygii,Perciformes,Carangidae,Seriola,Seriola lalandi
869,Actinopterygii,Cypriniformes,Cyprinidae,Puntigrus,Puntigrus tetrazona
870,Actinopterygii,Characiformes,Characidae,Hemigrammus,Hemigrammus erythrozonus
871,Actinopterygii,Cypriniformes,Cyprinidae,Megarasbora,Megarasbora elanga
872,Actinopterygii,Siluriformes,Clariidae,Heterobranchus,Heterobranchus bidorsalis
873,Actinopterygii,Cypriniformes,Cyprinidae,Mesopotamichthys,Mesopotamichthys sharpeyi
874,Actinopterygii,Cypriniformes,Cyprinidae,Notropis,Notropis maculatus
875,Actinopterygii,Siluriformes,Pimelodidae,Pseudoplatystoma,Pseudoplatystoma sp.
876,Actinopterygii,Perciformes,Labridae,Coris,Coris julis
877,Actinopterygii,Cypriniformes,Cyprinidae,Rhodeus,Rhodeus ocellatus
878,Actinopterygii,Scorpaeniformes,Scorpaenidae,Sebastes,Sebastes caurinus
879,Actinopterygii,Gadiformes,Macrouridae,Trachyrincus,Trachyrincus scabrus
880,Actinopterygii,Gadiformes,Moridae,Mora,Mora moro
881,Actinopterygii,Ophidiiformes,Bythitidae,Cataetyx,Cataetyx laticeps
882,Actinopterygii,Osmeriformes,Alepocephalidae,Alepocephalus,Alepocephalus rostratus
883,Actinopterygii,Atheriniformes,Atherinidae,Craterocephalus,Craterocephalus marianae
884,Actinopterygii,Atheriniformes,Melanotaeniidae,Pseudomugil,Pseudomugil tenellus
885,Actinopterygii,Perciformes,Centropomidae,Ambassis,Ambassis macleayi
886,Actinopterygii,Cyprinodontiformes,Goodeidae,Chapalichthys,Chapalichthys pardalis
887,Actinopterygii,Cypriniformes,Cyprinidae,Nothobranchius,Nothobranchius furzeri
888,Actinopterygii,Cypriniformes,Cyprinidae,Spinibarbus,Spinibarbus sinensis
889,Actinopterygii,Perciformes,Labridae,Halichoeres,Halichoeres trimaculatus
890,Actinopterygii,Atheriniformes,Atherinopsidae,Odontesthes,Odontesthes humensis
891,Actinopterygii,Atheriniformes,Atherinidae,Craterocephalus,Craterocephalus marjoriae
892,Actinopterygii,Perciformes,Teraponidae,Amniataba,Amniataba percoides
893,Actinopterygii,Beloniformes,Adrianichthyidae,Oryzias,Oryzias sinensis
894,Actinopterygii,Characiformes,Characidae,Astyanax,Astyanax lacustris
895,Actinopterygii,Cyprinodontiformes,Rivulidae,Austrolebias,Austrolebias nigrofasciatus
896,Actinopterygii,Cypriniformes,Cyprinidae,Blicca,Blicca bjoerkna
897,Actinopterygii,Perciformes,Odontobutidae,Perccottus,Perccottus glenii
898,Actinopterygii,Mugiliformes,Mugilidae,Mugil,Mugil liza
899,Actinopterygii,Perciformes,Sciaenidae,Atractoscion,Atractoscion nobilis
900,Actinopterygii,Perciformes,Lutjanidae,Lutjanus,Lutjanus guttatus
