,class,tax_order,family,genus,species
0,Actinopterygii,Perciformes,Centrarchidae,Lepomis,macrochirus
10074,Actinopterygii,Salmoniformes,Salmonidae,Oncorhynchus,mykiss
39090,Actinopterygii,Cypriniformes,Cyprinidae,Cyprinus,carpio
47057,Actinopterygii,Siluriformes,Ictaluridae,Ameiurus,melas
47382,Actinopterygii,Beloniformes,Adrianichthyidae,Oryzias,latipes
52265,Actinopterygii,Perciformes,Channidae,Channa,punctata
53973,Actinopterygii,Siluriformes,Clariidae,Clarias,batrachus
54901,Actinopterygii,Synbranchiformes,Synbranchidae,Monopterus,cuchia
54905,Actinopterygii,Perciformes,Cichlidae,Oreochromis,mossambicus
57316,Actinopterygii,Cyprinodontiformes,Poeciliidae,Poecilia,reticulata
60556,Actinopterygii,Salmoniformes,Salmonidae,Salmo,trutta
61933,Actinopterygii,Siluriformes,Bagridae,Mystus,vittatus
62209,Actinopterygii,Cypriniformes,Cyprinidae,Carassius,auratus
66626,Actinopterygii,Cyprinodontiformes,Cyprinodontidae,Fundulus,grandis
66649,Actinopterygii,Cypriniformes,Cyprinidae,Pimephales,promelas
82769,Actinopterygii,Atheriniformes,Atherinidae,Menidia,beryllina
83183,Actinopterygii,Cyprinodontiformes,Aplocheilidae,Rivulus,marmoratus
83400,Actinopterygii,Cyprinodontiformes,Cyprinodontidae,Cyprinodon,variegatus
86116,Actinopterygii,Atheriniformes,Atherinidae,Menidia,menidia
86389,Actinopterygii,Perciformes,Moronidae,Morone,americana
86475,Actinopterygii,Pleuronectiformes,Pleuronectidae,Pleuronectes,americanus
86721,Actinopterygii,Perciformes,Sparidae,Stenotomus,chrysops
86847,Actinopterygii,Salmoniformes,Salmonidae,Salvelinus,namaycush
87769,Actinopterygii,Siluriformes,Ictaluridae,Ameiurus,nebulosus
87855,Actinopterygii,Cyprinodontiformes,Poeciliidae,Poeciliopsis,lucida
87977,Chondrichthyes,Rajiformes,Torpedinidae,Torpedo,marmorata
87979,Actinopterygii,Anguilliformes,Anguillidae,Anguilla,anguilla
88767,Actinopterygii,Mugiliformes,Mugilidae,Mugil,cephalus
89210,Actinopterygii,Siluriformes,Bagridae,Mystus,gulio
89251,Actinopterygii,Cypriniformes,Cyprinidae,Barbus,stigma
89266,Actinopterygii,Cypriniformes,Cyprinidae,Rutilus,rutilus
89484,Actinopterygii,Perciformes,Percidae,Perca,fluviatilis
89592,Actinopterygii,Perciformes,Anabantidae,Anabas,testudineus
89790,Actinopterygii,Perciformes,Cichlidae,Tilapia,hornorum
89797,Actinopterygii,Perciformes,Channidae,Channa,orientalis
90102,Actinopterygii,Cypriniformes,Cyprinidae,Puntius,sophore
90206,Actinopterygii,Perciformes,Gobiidae,Boleophthalmus,dussumieri
90232,Actinopterygii,Salmoniformes,Salmonidae,Oncorhynchus,kisutch
93844,Actinopterygii,Salmoniformes,Salmonidae,Oncorhynchus,tshawytscha
96385,Actinopterygii,Cypriniformes,Cyprinidae,Rasbora,daniconius
96434,Actinopterygii,Cypriniformes,Cyprinidae,Barbus,ticto
96595,Actinopterygii,Cypriniformes,Cyprinidae,Danio,rerio
105003,Actinopterygii,Perciformes,Cichlidae,Oreochromis,niloticus
107322,Actinopterygii,Perciformes,Centrarchidae,Micropterus,salmoides
108329,Actinopterygii,Pleuronectiformes,Pleuronectidae,Limanda,limanda
108412,Actinopterygii,Scorpaeniformes,Cottidae,Myoxocephalus,quadricornis
108424,Actinopterygii,Cypriniformes,Cyprinidae,Barbus,conchonius
108512,Actinopterygii,Cyprinodontiformes,Cyprinodontidae,Fundulus,heteroclitus
110480,Actinopterygii,Cyprinodontiformes,Cyprinodontidae,Jordanella,floridae
111002,Actinopterygii,Siluriformes,Heteropneustidae,Heteropneustes,fossilis
112467,Actinopterygii,Perciformes,Cichlidae,Oreochromis,mossambicus X niloticus
112472,Actinopterygii,Siluriformes,Ictaluridae,Ictalurus,punctatus
116467,Actinopterygii,Perciformes,Percidae,Sander,vitreus
116752,Actinopterygii,Perciformes,Centrarchidae,Lepomis,cyanellus
117400,Actinopterygii,Perciformes,Moronidae,Morone,saxatilis
119144,Actinopterygii,Esociformes,Esocidae,Esox,masquinongy
119166,Actinopterygii,Esociformes,Esocidae,Esox,lucius
119553,Actinopterygii,Acipenseriformes,Acipenseridae,Acipenser,fulvescens
119591,Actinopterygii,Cypriniformes,Cyprinidae,Alburnus,alburnus
119715,Actinopterygii,Cyprinodontiformes,Poeciliidae,Gambusia,affinis
121490,Chondrichthyes,Carcharhiniformes,Scyliorhinidae,Scyliorhinus,canicula
121599,Actinopterygii,Gadiformes,Gadidae,Gadus,morhua
122087,Actinopterygii,Mugiliformes,Mugilidae,Liza,macrolepis
122122,Actinopterygii,Cypriniformes,Cyprinidae,Gnathopogon,caerulescens
122194,Actinopterygii,Perciformes,Kyphosidae,Girella,punctata
122298,Actinopterygii,Perciformes,Gobiidae,Chasmichthys,dolichognathus
122469,Actinopterygii,Cypriniformes,Cobitidae,Lepidocephalichthys,guntea
122527,Actinopterygii,Osteoglossiformes,Mormyridae,Gnathonemus,petersii
122550,Actinopterygii,Perciformes,Sciaenidae,Sciaenops,ocellatus
122720,Actinopterygii,Perciformes,Osphronemidae,Colisa,fasciata
123045,Actinopterygii,Cyprinodontiformes,Poeciliidae,Gambusia,holbrooki
123265,Actinopterygii,Perciformes,Osphronemidae,Trichogaster,pectoralis
123301,Actinopterygii,Perciformes,Gobiidae,Tridentiger,trigonocephalus
123304,Actinopterygii,Perciformes,Siganidae,Siganus,fuscescens
123307,Actinopterygii,Perciformes,Carangidae,Trachurus,japonicus
123308,Actinopterygii,Cypriniformes,Cyprinidae,Labeo,rohita
124033,Actinopterygii,Cypriniformes,Cyprinidae,Cirrhinus,mrigala
124470,Actinopterygii,Perciformes,Moronidae,Dicentrarchus,labrax
124878,Actinopterygii,Cypriniformes,Cyprinidae,Rasbora,heteromorpha
125203,Actinopterygii,Salmoniformes,Salmonidae,Salmo,salar
127460,Actinopterygii,Salmoniformes,Salmonidae,Thymallus,arcticus
127552,Actinopterygii,Cypriniformes,Cyprinidae,Campostoma,anomalum
127600,Actinopterygii,Salmoniformes,Salmonidae,Oncorhynchus,nerka
127842,Actinopterygii,Cypriniformes,Cyprinidae,Cyprinella,spiloptera
127849,Actinopterygii,Salmoniformes,Salmonidae,Salvelinus,fontinalis
129684,Actinopterygii,Siluriformes,Bagridae,Rita,rita
129744,Actinopterygii,Perciformes,Centrarchidae,Pomoxis,annularis
129762,Actinopterygii,Perciformes,Sciaenidae,Leiostomus,xanthurus
130114,Actinopterygii,Atheriniformes,Atherinidae,Labidesthes,sicculus
130121,Actinopterygii,Cypriniformes,Cyprinidae,Notemigonus,crysoleucas
130446,Actinopterygii,Clupeiformes,Clupeidae,Alosa,sapidissima
130458,Actinopterygii,Anguilliformes,Anguillidae,Anguilla,rostrata
130599,Actinopterygii,Salmoniformes,Salmonidae,Coregonus,hoyi
130606,Actinopterygii,Cypriniformes,Cyprinidae,Ptychocheilus,oregonensis
132222,Actinopterygii,Cypriniformes,Cyprinidae,Acrocheilus,alutaceus
132223,Actinopterygii,Perciformes,Percidae,Perca,flavescens
132986,Actinopterygii,Cypriniformes,Cyprinidae,Notropis,hudsonius
132996,Actinopterygii,Cypriniformes,Catostomidae,Catostomus,commersoni
133507,Actinopterygii,Perciformes,Cichlidae,Tilapia,aurea
133643,Actinopterygii,Gasterosteiformes,Gasterosteidae,Gasterosteus,aculeatus
134784,Cephalaspidomorphi,Petromyzontiformes,Petromyzontidae,Petromyzon,marinus
137273,Actinopterygii,Perciformes,Cichlidae,Tilapia,leucosticta
137289,Actinopterygii,Cypriniformes,Cyprinidae,Luxilus,cornutus
137319,Actinopterygii,Cypriniformes,Cyprinidae,Notropis,atherinoides
137399,Actinopterygii,Perciformes,Centrarchidae,Micropterus,dolomieu
137524,Actinopterygii,Cypriniformes,Cyprinidae,Leuciscus,idus
138334,Actinopterygii,Mugiliformes,Mugilidae,Chelon,labrosus
138373,Actinopterygii,Perciformes,Centrarchidae,Lepomis,microlophus
138497,Actinopterygii,Cypriniformes,Cyprinidae,Ctenopharyngodon,idella
138890,Actinopterygii,Cypriniformes,Cyprinidae,Hypophthalmichthys,molitrix
138982,Actinopterygii,Perciformes,Centrarchidae,Lepomis,gibbosus
139201,Actinopterygii,Cypriniformes,Cyprinidae,Pimephales,notatus
139443,Actinopterygii,Perciformes,Sparidae,Lagodon,rhomboides
139569,Actinopterygii,Cypriniformes,Cyprinidae,Notropis,chrysoleucas
139570,Actinopterygii,Cypriniformes,Cyprinidae,Rasbora,trilineata
139574,Actinopterygii,Perciformes,Embiotocidae,Cymatogaster,aggregata
139636,Actinopterygii,Perciformes,Embiotocidae,Micrometrus,minimus
139644,Actinopterygii,Perciformes,Labridae,Thalassoma,bifasciatum
139682,Actinopterygii,Tetraodontiformes,Tetraodontidae,Sphoeroides,maculatus
139731,Actinopterygii,Cyprinodontiformes,Cyprinodontidae,Fundulus,majalis
139772,Actinopterygii,Perciformes,Centrarchidae,Micropterus,sp.
139776,Actinopterygii,Cypriniformes,Cyprinidae,Lythrurus,umbratilis
139788,Actinopterygii,Cypriniformes,Cyprinidae,Cyprinella,lutrensis
139819,Actinopterygii,Siluriformes,Ictaluridae,Ameiurus,natalis
139836,Actinopterygii,Cyprinodontiformes,Cyprinodontidae,Fundulus,similis
140037,Actinopterygii,Clupeiformes,Clupeidae,Harengula,jaguana
140038,Actinopterygii,Cypriniformes,Cyprinidae,Notropis,sp.
140062,Actinopterygii,Salmoniformes,Salmonidae,Oncorhynchus,clarkii
140855,Actinopterygii,Esociformes,Umbridae,Umbra,pygmaea
140868,Actinopterygii,Perciformes,Cichlidae,Tilapia,melanopleura
140899,Actinopterygii,Cyprinodontiformes,Cyprinodontidae,Fundulus,diaphanus
140951,Actinopterygii,Cypriniformes,Catostomidae,Ictiobus,cyprinellus
140964,Actinopterygii,Salmoniformes,Salmonidae,Coregonus,clupeaformis
141100,Actinopterygii,Cyprinodontiformes,Cyprinodontidae,Cyprinodon,macularius
141116,Actinopterygii,Perciformes,Anabantidae,Anabas,scandens
141192,Actinopterygii,Cypriniformes,Cyprinidae,Gibelion,catla
141403,Actinopterygii,Cypriniformes,Cyprinidae,Tinca,tinca
141554,Actinopterygii,Perciformes,Cichlidae,Tilapia,rendalli
141564,Actinopterygii,Gonorhynchiformes,Chanidae,Chanos,chanos
141631,Actinopterygii,Cypriniformes,Balitoridae,Barbatula,barbatula
141638,Actinopterygii,Siluriformes,Clariidae,Clarias,lazera
141745,Actinopterygii,Cypriniformes,Cobitidae,Lepidocephalichthys,thermalis
141882,Actinopterygii,Perciformes,Cichlidae,Tilapia,sparrmanii
141990,Actinopterygii,Cypriniformes,Cyprinidae,Barbus,gonionotus
142081,Actinopterygii,Cypriniformes,Cyprinidae,Carassius,carassius
142203,Actinopterygii,Cypriniformes,Cyprinidae,Scardinius,erythrophthalmus
142262,Actinopterygii,Cypriniformes,Cyprinidae,Leucaspius,delineatus
142321,Actinopterygii,Osteoglossiformes,Notopteridae,Notopterus,notopterus
142691,Actinopterygii,Cypriniformes,Cyprinidae,Danio,sp.
142723,Actinopterygii,Cypriniformes,Cyprinidae,Semotilus,atromaculatus
142819,Actinopterygii,Pleuronectiformes,Pleuronectidae,Parophrys,vetulus
142900,Actinopterygii,Scorpaeniformes,Agonidae,Agonus,cataphractus
142955,Actinopterygii,Pleuronectiformes,Pleuronectidae,Platichthys,flesus
143234,Actinopterygii,Pleuronectiformes,Pleuronectidae,Pleuronectes,platessa
143485,Actinopterygii,Cypriniformes,Balitoridae,Noemacheilus,barbatulus
143496,Actinopterygii,Cyprinodontiformes,Poeciliidae,Poecilia,latipinna
143597,Actinopterygii,Salmoniformes,Salmonidae,Oncorhynchus,keta
143838,Actinopterygii,Salmoniformes,Salmonidae,Oncorhynchus,gorbuscha
144150,Actinopterygii,Perciformes,Gobiidae,Zosterisessor,ophiocephalus
144163,Actinopterygii,Perciformes,Sciaenidae,Cynoscion,nebulosus
144203,Actinopterygii,Perciformes,Centropomidae,Centropomus,undecimalis
144209,Actinopterygii,Clupeiformes,Clupeidae,Brevoortia,patronus
144212,Actinopterygii,Perciformes,Carangidae,Trachinotus,carolinus
144266,Actinopterygii,Perciformes,Sparidae,Mylio,macrocephalus
144267,Actinopterygii,Perciformes,Centrarchidae,Lepomis,megalotis
144297,Actinopterygii,Semionotiformes,Lepisosteidae,Lepisosteus,platostomus
144303,Actinopterygii,Cypriniformes,Cyprinidae,Phoxinus,eos
144328,Actinopterygii,Gasterosteiformes,Gasterosteidae,Culaea,inconstans
144358,Actinopterygii,Perciformes,Sciaenidae,Aplodinotus,grunniens
144376,Actinopterygii,Amiiformes,Amiidae,Amia,calva
144389,Actinopterygii,Siluriformes,Ictaluridae,Ameiurus,catus
144395,Actinopterygii,Siluriformes,Ictaluridae,Pylodictis,olivaris
144404,Actinopterygii,Perciformes,Centrarchidae,Pomoxis,nigromaculatus
144463,Actinopterygii,Perciformes,Serranidae,Paralabrax,clathratus
144464,Actinopterygii,Cypriniformes,Cyprinidae,Agosia,chrysogaster
144467,Actinopterygii,Perciformes,Percidae,Etheostoma,flabellare
144474,Actinopterygii,Perciformes,Percidae,Etheostoma,nigrum
144496,Actinopterygii,Perciformes,Percidae,Etheostoma,spectabile
144549,Actinopterygii,Perciformes,Percidae,Etheostoma,caeruleum
144582,Actinopterygii,Cypriniformes,Cyprinidae,Rhinichthys,atratulus
144607,Actinopterygii,Cypriniformes,Cyprinidae,Luxilus,chrysocephalus
144635,Actinopterygii,Cyprinodontiformes,Poeciliidae,Xiphophorus,maculatus
144656,Actinopterygii,Perciformes,Centrarchidae,Enneacanthus,gloriosus
144671,Actinopterygii,Cypriniformes,Cyprinidae,Pseudorasbora,parva
144794,Actinopterygii,Mugiliformes,Mugilidae,Mugil,curema
144886,Actinopterygii,Osmeriformes,Osmeridae,Osmerus,mordax
144913,Actinopterygii,Scorpaeniformes,Cottidae,Scorpaenichthys,marmoratus
144924,Actinopterygii,Mugiliformes,Mugilidae,Mugil,auratus
144953,Actinopterygii,Perciformes,Sparidae,Rhabdosargus,holubi
144956,Actinopterygii,Gadiformes,Gadidae,Gaidropsarus,capensis
144964,Actinopterygii,Perciformes,Sparidae,Diplodus,sargus
144972,Actinopterygii,Perciformes,Sparidae,Lithognathus,mormyrus
144980,Actinopterygii,Perciformes,Sparidae,Pachymetopon,blochii
144985,Actinopterygii,Pleuronectiformes,Soleidae,Heteromycteris,capensis
144991,Actinopterygii,Pleuronectiformes,Soleidae,Synaptura,kleini
144993,Actinopterygii,Mugiliformes,Mugilidae,Liza,haematocheilus
144997,Actinopterygii,Perciformes,Moronidae,Morone,mississippiensis
144999,Actinopterygii,Perciformes,Centrarchidae,Lepomis,humilis
145085,Actinopterygii,Cypriniformes,Cyprinidae,Leuciscus,cephalus
145190,Actinopterygii,Anguilliformes,Anguillidae,Anguilla,japonica
145442,Actinopterygii,Cypriniformes,Cyprinidae,Rhinichthys,cataractae
145446,Actinopterygii,Perciformes,Serranidae,Centropristis,striata
145456,Actinopterygii,Synbranchiformes,Mastacembelidae,Mastacembelus,pancalus
145459,Actinopterygii,Clupeiformes,Clupeidae,Brevoortia,tyrannus
145485,Actinopterygii,Pleuronectiformes,Bothidae,Scophthalmus,aquosus
145516,Actinopterygii,Clupeiformes,Clupeidae,Clupea,pallasii
145603,Actinopterygii,Gasterosteiformes,Gasterosteidae,Pungitius,pungitius
145619,Actinopterygii,Perciformes,Cichlidae,Cichlasoma,urophthalmus
145622,Actinopterygii,Perciformes,Gobiidae,Gillichthys,mirabilis
145626,Actinopterygii,Cyprinodontiformes,Cyprinodontidae,Fundulus,parvipinnis
145628,Chondrichthyes,Rajiformes,Dasyatidae,Urolophus,halleri
145629,Actinopterygii,Pleuronectiformes,Bothidae,Paralichthys,californicus
145635,Actinopterygii,Perciformes,Serranidae,Paralabrax,nebulifer
145637,Actinopterygii,Pleuronectiformes,Paralichthyidae,Citharichthys,stigmaeus
145658,Actinopterygii,Pleuronectiformes,Pleuronectidae,Pleuronichthys,ritteri
145687,Actinopterygii,Cypriniformes,Cyprinidae,Barbus,arulius
145703,Actinopterygii,Cypriniformes,Cyprinidae,Puntius,sarana
145716,Actinopterygii,Cypriniformes,Cyprinidae,Chela,phulo
145717,Actinopterygii,Siluriformes,Ictaluridae,Ictalurus,furcatus
145735,Actinopterygii,Clupeiformes,Clupeidae,Alosa,chrysochloris
145736,Actinopterygii,Clupeiformes,Clupeidae,Dorosoma,cepedianum
145781,Actinopterygii,Perciformes,Percidae,Sander,canadensis
145788,Actinopterygii,Perciformes,Centropomidae,Ambassis,natalensis
145789,Actinopterygii,Perciformes,Teraponidae,Terapon,jarbua
146265,Actinopterygii,Perciformes,Centrarchidae,Ambloplites,rupestris
146272,Actinopterygii,Perciformes,Centrarchidae,Lepomis,sp.
146287,Actinopterygii,Perciformes,Percidae,Etheostoma,exile
146291,Actinopterygii,Semionotiformes,Lepisosteidae,Lepisosteus,osseus
146301,Actinopterygii,Cypriniformes,Cyprinidae,Labeo,fimbriatus
146307,Actinopterygii,Cypriniformes,Cyprinidae,Barbus,filamentosus
146308,Actinopterygii,Perciformes,Percidae,Sander,lucioperca
146348,Actinopterygii,Characiformes,Characidae,Hyphessobrycon,serpae
146354,Actinopterygii,Siluriformes,Plotosidae,Neosilurus,sp.
146356,Actinopterygii,Anguilliformes,Anguillidae,Anguilla,sp.
146379,Actinopterygii,Cyprinodontiformes,Poeciliidae,Xiphophorus,helleri
146438,Actinopterygii,Characiformes,Curimatidae,Prochilodus,lineatus
146503,Actinopterygii,Cypriniformes,Catostomidae,Erimyzon,sucetta
146526,Actinopterygii,Salmoniformes,Salmonidae,Salvelinus,malma
146550,Actinopterygii,Esociformes,Esocidae,Esox,sp.
146551,Actinopterygii,Osteoglossiformes,Hiodontidae,Hiodon,alosoides
146557,Actinopterygii,Clupeiformes,Clupeidae,Clupea,harengus
146644,Actinopterygii,Perciformes,Sciaenidae,Micropogonias,undulatus
146786,Actinopterygii,Siluriformes,Ariidae,Arius,felis
146805,Actinopterygii,Perciformes,Haemulidae,Orthopristis,chrysoptera
146807,Actinopterygii,Perciformes,Sciaenidae,Bairdiella,chrysoura
146809,Actinopterygii,Cyprinodontiformes,Poeciliidae,Poecilia,sp.
146833,Actinopterygii,Cypriniformes,Cyprinidae,Hybopsis,amblops
146834,Actinopterygii,Siluriformes,Schilbeidae,Schilbe,mystus
146838,Actinopterygii,Osteoglossiformes,Mormyridae,Pollimyrus,isidori
146848,Actinopterygii,Siluriformes,Bagridae,Chrysichthys,nigrodigitatus
146861,Actinopterygii,Cypriniformes,Cyprinidae,Barbus,macrops
146864,Actinopterygii,Siluriformes,Bagridae,Chrysichthys,longidorsalis
146866,Actinopterygii,Perciformes,Cichlidae,Etroplus,maculatus
146936,Actinopterygii,Perciformes,Centropomidae,Ambassis,ambassis
146942,Actinopterygii,Pleuronectiformes,Scophthalmidae,Psetta,maxima
147235,Actinopterygii,Cypriniformes,Cyprinidae,Carassius,sp.
147251,Actinopterygii,Scorpaeniformes,Cottidae,Enophrys,bison
147254,Actinopterygii,Siluriformes,Clariidae,Clarias,anguillaris
147275,Actinopterygii,Pleuronectiformes,Soleidae,Cynoglossus,joyneri
147293,Actinopterygii,Pleuronectiformes,Bothidae,Paralichthys,olivaceus
147508,Actinopterygii,Siluriformes,Bagridae,Mystus,tengara
147525,Actinopterygii,Scorpaeniformes,Scorpaenidae,Scorpaena,guttata
147531,Actinopterygii,Salmoniformes,Salmonidae,Salvelinus,leucomaenis
147532,Actinopterygii,Cypriniformes,Cyprinidae,Tribolodon,hakonensis
147562,Actinopterygii,Cypriniformes,Cobitidae,Misgurnus,anguillicaudatus
147703,Actinopterygii,Perciformes,Gobiidae,Chaenogobius,annularis
147705,Actinopterygii,Scorpaeniformes,Cottidae,Cottus,japonicus
147706,Actinopterygii,Siluriformes,Siluridae,Silurus,asotus
147707,Actinopterygii,Cypriniformes,Cyprinidae,Hemibarbus,barbus
147708,Actinopterygii,Siluriformes,Pimelodidae,Plecostomus,commersoni
147732,Actinopterygii,Cypriniformes,Cyprinidae,Phoxinus,phoxinus
147987,Actinopterygii,Mugiliformes,Mugilidae,Aldrichetta,forsteri
147996,Actinopterygii,Perciformes,Cichlidae,Tilapia,galilaea
148001,Actinopterygii,Perciformes,Sparidae,Sparus,macrocephalus
148009,Actinopterygii,Siluriformes,Clariidae,Clarias,gariepinus
148639,Actinopterygii,Perciformes,Chandidae,Pseudambassis,ranga
148642,Actinopterygii,Perciformes,Cichlidae,Tilapia,zillii
148802,Actinopterygii,Osmeriformes,Osmeridae,Hypomesus,olidus
148804,Actinopterygii,Perciformes,Stichaeidae,Opisthocentrus,ocellatus
148805,Actinopterygii,Perciformes,Anabantidae,Macropodus,opercularis
148814,Actinopterygii,Perciformes,Channidae,Channa,striata
149060,Actinopterygii,Cypriniformes,Cyprinidae,Cirrhinus,molitorella
149064,Actinopterygii,Perciformes,Percidae,Leiopotherapon,unicolor
149071,Actinopterygii,Batrachoidiformes,Batrachoididae,Opsanus,tau
149075,Actinopterygii,Siluriformes,Clariidae,Clarias,macrocephalus
149076,Actinopterygii,Perciformes,Sparidae,Sparus,aurata
149430,Actinopterygii,Gasterosteiformes,Syngnathidae,Syngnathus,fuscus
149435,Actinopterygii,Perciformes,Gobiidae,Gobiosoma,bosc
149440,Actinopterygii,Cypriniformes,Cyprinidae,Notropis,stramineus
149442,Actinopterygii,Cypriniformes,Cyprinidae,Notropis,buccatus
149454,Actinopterygii,Cypriniformes,Cyprinidae,Notropis,rubellus
149458,Actinopterygii,Atheriniformes,Atherinidae,Atherinops,affinis
149652,Actinopterygii,Atheriniformes,Atherinidae,Menidia,peninsulae
149737,Actinopterygii,Gasterosteiformes,Gasterosteidae,Apeltes,quadracus
149751,Actinopterygii,Pleuronectiformes,Bothidae,Paralichthys,dentatus
149873,Actinopterygii,Perciformes,Moronidae,Morone,sp.
149921,Actinopterygii,Cypriniformes,Cyprinidae,Barilius,bendelisis
150006,Actinopterygii,Siluriformes,Heptapteridae,Rhamdia,sapo
150010,Actinopterygii,Perciformes,Cichlidae,Tilapia,sp.
150265,Actinopterygii,Atheriniformes,Atherinidae,Leuresthes,tenuis
150364,Actinopterygii,Clupeiformes,Engraulidae,Engraulis,mordax
150458,Actinopterygii,Pleuronectiformes,Soleidae,Solea,solea
150522,Actinopterygii,Mugiliformes,Mugilidae,Liza,vaigiensis
150560,Actinopterygii,Perciformes,Gobiidae,Clevelandia,ios
150561,Actinopterygii,Perciformes,Sparidae,Pagrus,major
150868,Actinopterygii,Atheriniformes,Melanotaeniidae,Melanotaenia,splendida
150888,Actinopterygii,Atheriniformes,Melanotaeniidae,Melanotaenia,nigrans
150906,Actinopterygii,Atheriniformes,Atherinidae,Craterocephalus,stercusmuscarum
150910,Actinopterygii,Salmoniformes,Salmonidae,Thymallus,thymallus
150954,Actinopterygii,Atheriniformes,Atherinopsidae,Odontesthes,argentinensis
150958,Actinopterygii,Siluriformes,Ariidae,Ariopsis,bonillai
150960,Actinopterygii,Siluriformes,Ariidae,Cathorops,spixii
150962,Actinopterygii,Siluriformes,Ariidae,Megalops,atlanticus
150964,Actinopterygii,Cypriniformes,Cyprinidae,Hypophthalmichthys,nobilis
150998,Actinopterygii,Perciformes,Haemulidae,Haemulon,sciurus
151005,Actinopterygii,Salmoniformes,Salmonidae,Oncorhynchus,aguabonita
151031,Actinopterygii,Perciformes,Ambassidae,Priopidichthys,sp.
151113,Actinopterygii,Synbranchiformes,Synbranchidae,Monopterus,albus
151432,Actinopterygii,Perciformes,Nototheniidae,Pseudaphritis,urvillii
151467,Actinopterygii,Osmeriformes,Galaxiidae,Galaxias,maculatus
151543,Actinopterygii,Cypriniformes,Cyprinidae,Ptychocheilus,lucius
151860,Actinopterygii,Cypriniformes,Cyprinidae,Barbus,javanicus
151887,Actinopterygii,Perciformes,Centrarchidae,Lates,calcarifer
151976,Actinopterygii,Cypriniformes,Cyprinidae,Richardsonius,balteatus
151984,Actinopterygii,Perciformes,Ammodytidae,Ammodytes,americanus
151986,Actinopterygii,Cyprinodontiformes,Cyprinodontidae,Aplocheilus,blockii
151989,Actinopterygii,Perciformes,Osphronemidae,Colisa,lalia
152005,Actinopterygii,Scorpaeniformes,Cottidae,Cottus,bairdi
152144,Actinopterygii,Cypriniformes,Cyprinidae,Barbus,barbus
152151,Actinopterygii,Pleuronectiformes,Pleuronectidae,Platichthys,stellatus
152211,Actinopterygii,Scorpaeniformes,Cottidae,Megalocottus,platycephalus
152212,Actinopterygii,Salmoniformes,Salmonidae,Oncorhynchus,masou
152273,Actinopterygii,Cypriniformes,Cyprinidae,Margariscus,margarita
152300,Actinopterygii,Characiformes,Characidae,Gymnocorymbus,ternetzi
152314,Actinopterygii,Cyprinodontiformes,Cyprinodontidae,Aphanius,fasciatus
152370,Chondrichthyes,Carcharhiniformes,Carcharhinidae,Negaprion,brevirostris
152371,Chondrichthyes,Orectolobiformes,Orectolobidae,Ginglymostoma,cirratum
152380,Actinopterygii,Cypriniformes,Cyprinidae,Tanichthys,albonubes
152584,Actinopterygii,Cypriniformes,Cyprinidae,Barbus,holubi
152598,Actinopterygii,Pleuronectiformes,Pleuronectidae,Pseudopleuronectes,yokohamae
152643,Actinopterygii,Cypriniformes,Cyprinidae,Alburnus,albidus
152648,Actinopterygii,Cypriniformes,Cobitidae,Cobitis,taenia
152654,Actinopterygii,Osmeriformes,Galaxiidae,Galaxias,auratus
152658,Actinopterygii,Perciformes,Channidae,Channa,marulius
152683,Actinopterygii,Siluriformes,Bagridae,Sperata,seenghala
152688,Actinopterygii,Perciformes,Cichlidae,Cichlasoma,bimaculatum
152716,Actinopterygii,Cyprinodontiformes,Cyprinodontidae,Aphanius,dispar
152743,Actinopterygii,Scorpaeniformes,Cottidae,Cottus,cognatus
152792,Actinopterygii,Cypriniformes,Cyprinidae,Cyprinella,whipplei
152803,Actinopterygii,Cyprinodontiformes,Cyprinodontidae,Fundulus,notatus
152811,Actinopterygii,Clupeiformes,Clupeidae,Alosa,aestivalis
152820,Actinopterygii,Clupeiformes,Clupeidae,Alosa,pseudoharengus
152825,Actinopterygii,Mugiliformes,Mugilidae,Mugil,carinatus
152826,Actinopterygii,Perciformes,Eleotridae,Mogurnda,mogurnda
152876,Actinopterygii,Esociformes,Umbridae,Umbra,limi
152889,Actinopterygii,Cypriniformes,Cobitidae,Misgurnus,fossilis
152914,Actinopterygii,Perciformes,Sciaenidae,Nibea,albiflora
152917,Actinopterygii,Perciformes,Gobiidae,Odontamblyopus,rubicundus
152919,Actinopterygii,Perciformes,Ammodytidae,Ammodytes,hexapterus
152921,Actinopterygii,Perciformes,Moronidae,Morone,chrysops
152932,Actinopterygii,Atheriniformes,Melanotaeniidae,Melanotaenia,duboulayi
152978,Actinopterygii,Clupeiformes,Clupeidae,Nematalosa,erebi
152979,Actinopterygii,Perciformes,Percichthyidae,Macquaria,ambigua
153013,Actinopterygii,Perciformes,Teraponidae,Bidyanus,bidyanus
153036,Actinopterygii,Cypriniformes,Cyprinidae,Amblypharyngodon,melettinus
153040,Actinopterygii,Perciformes,Channidae,Ophiocephalus,punctatus
153052,Actinopterygii,Perciformes,Osphronemidae,Trichogaster,trichopterus
153087,Actinopterygii,Pleuronectiformes,Pleuronectidae,Pleuronectes,ferrugineus
153140,Actinopterygii,Mugiliformes,Mugilidae,Valamugil,engeli
153141,Actinopterygii,Perciformes,Kuhliidae,Kuhlia,sandvicensis
153253,Actinopterygii,Clupeiformes,Engraulidae,Encrasicholina,purpurea
153257,Actinopterygii,Tetraodontiformes,Balistidae,Rudarius,ercodes
153279,Actinopterygii,Cypriniformes,Cyprinidae,Barbus,guganio
153283,Actinopterygii,Perciformes,Blenniidae,Lipophrys,pholis
153291,Actinopterygii,Perciformes,Sparidae,Chrysophrys,major
153312,Actinopterygii,Perciformes,Labridae,Tautogolabrus,adspersus
153357,Actinopterygii,Perciformes,Carangidae,Seriola,quinqueradiata
153381,Actinopterygii,Siluriformes,Bagridae,Tandanus,tandanus
153391,Actinopterygii,Perciformes,Gobiidae,Pomatoschistus,minutus
153471,Chondrichthyes,Rajiformes,Rajidae,Raja,radiata
153473,Actinopterygii,Siluriformes,Siluridae,Silurus,glanis
153564,Actinopterygii,Cyprinodontiformes,Aplocheilidae,Rivulus,cylindraceus
153569,Actinopterygii,Salmoniformes,Plecoglossidae,Plecoglossus,altivelis
153595,Actinopterygii,Atheriniformes,Atherinidae,Atherinosoma,microstoma
153602,Actinopterygii,Salmoniformes,Salmonidae,Salvelinus,sp.
153653,Actinopterygii,Perciformes,Serranidae,Serranus,scriba
153661,Actinopterygii,Cypriniformes,Cyprinidae,Hybognathus,regius
153664,Actinopterygii,Cypriniformes,Cyprinidae,Labeo,boga
153667,Actinopterygii,Cypriniformes,Cyprinidae,Rasbora,neilgherriensis
153670,Actinopterygii,Perciformes,Sparidae,Chrysophrys,auratus
153703,Actinopterygii,Mugiliformes,Mugilidae,Mugil,sp.
153722,Actinopterygii,Salmoniformes,Salmonidae,Coregonus,fera
153779,Actinopterygii,Mugiliformes,Mugilidae,Liza,ramado
153798,Actinopterygii,Perciformes,Gobiidae,Gobiusculus,flavescens
153802,Actinopterygii,Cypriniformes,Cyprinidae,Gila,atraria
153803,Actinopterygii,Cypriniformes,Cyprinidae,Gila,copei
153804,Actinopterygii,Cypriniformes,Cyprinidae,Rhinichthys,sp.
153840,Actinopterygii,Cyprinodontiformes,Poeciliidae,Gambusia,sp.
153864,Actinopterygii,Acipenseriformes,Polyodontidae,Polyodon,spathula
153870,Actinopterygii,Siluriformes,Ictaluridae,Ictalurus,sp.
153883,Actinopterygii,Characiformes,Characidae,Astyanax,fasciatus
153897,Actinopterygii,Cypriniformes,Cyprinidae,Cyprinion,watsoni
153903,Actinopterygii,Characiformes,Characidae,Hyphessobrycon,bifasciatus
153907,Actinopterygii,Cypriniformes,Cyprinidae,Abramis,brama
153950,Actinopterygii,Cypriniformes,Cyprinidae,Barbus,dorsalis
153965,Actinopterygii,Perciformes,Sparidae,Acanthopagrus,schlegelii
154086,Actinopterygii,Cypriniformes,Cyprinidae,Notropis,blennius
154088,Actinopterygii,Cypriniformes,Catostomidae,Catostomus,catostomus
154097,Actinopterygii,Perciformes,Pomacentridae,Chrysiptera,cyanea
154147,Actinopterygii,Perciformes,Cichlidae,Herotilapia,multispinosa
154150,Actinopterygii,Perciformes,Cichlidae,Cichlasoma,citrinellum
154151,Actinopterygii,Clupeiformes,Clupeidae,Sardinops,sagax
154152,Actinopterygii,Perciformes,Haemulidae,Haemulon,sp.
154153,Actinopterygii,Perciformes,Gerreidae,Eucinostomus,gula
154154,Actinopterygii,Perciformes,Gerreidae,Gerres,cinereus
154155,Actinopterygii,Cyprinodontiformes,Fundulidae,Lucania,parva
154156,Actinopterygii,Perciformes,Sparidae,Archosargus,probatocephalus
154176,Actinopterygii,Scorpaeniformes,Cottidae,Cottus,gobio
154181,Actinopterygii,Perciformes,Gobiidae,Proterorhinus,marmoratus
154193,Actinopterygii,Cypriniformes,Cyprinidae,Rutilus,caspicus
154200,Actinopterygii,Atheriniformes,Melanotaeniidae,Pseudomugil,signifer
154204,Actinopterygii,Cyprinodontiformes,Poeciliidae,Poecilia,mexicana
154220,Actinopterygii,Clupeiformes,Engraulidae,Engraulis,japonicus
154231,Actinopterygii,Perciformes,Kyphosidae,Microcanthus,strigatus
154232,Actinopterygii,Tetraodontiformes,Balistidae,Navodon,modestus
154233,Chondrichthyes,Rajiformes,Rajidae,Raja,clavata
154244,Actinopterygii,Cypriniformes,Catostomidae,Xyrauchen,texanus
154470,Actinopterygii,Cypriniformes,Cyprinidae,Gila,elegans
154659,Actinopterygii,Salmoniformes,Salmonidae,Oncorhynchus,gilae
154909,Actinopterygii,Perciformes,Serranidae,Serranus,cabrilla
154910,Actinopterygii,Perciformes,Percidae,Perca,sp.
154936,Actinopterygii,Cyprinodontiformes,Cyprinodontidae,Fundulus,confluentus
154940,Actinopterygii,Cypriniformes,Cyprinidae,Barilius,vagra
154947,Actinopterygii,Osteoglossiformes,Mormyridae,Gnathonemus,tamandua
154957,Actinopterygii,Perciformes,Gobiidae,Neogobius,melanostomus
154973,Actinopterygii,Perciformes,Gobiidae,Neogobius,fluviatilis
154975,Actinopterygii,Acipenseriformes,Acipenseridae,Huso,huso
155003,Actinopterygii,Acipenseriformes,Acipenseridae,Acipenser,ruthenus
155010,Actinopterygii,Cypriniformes,Cyprinidae,Rhinichthys,osculus
155014,Actinopterygii,Mugiliformes,Mugilidae,Mugil,saliens
155027,Actinopterygii,Perciformes,Zoarcidae,Zoarces,viviparus
155180,Actinopterygii,Acipenseriformes,Acipenseridae,Acipenser,baerii
155266,Actinopterygii,Cyprinodontiformes,Poeciliidae,Poecilia,sphenops
155268,Actinopterygii,Cyprinodontiformes,Cyprinodontidae,Adinia,xenica
155271,Actinopterygii,Cypriniformes,Cyprinidae,Acheilognathus,moriokae
155286,Actinopterygii,Siluriformes,Siluridae,Wallago,attu
155301,Actinopterygii,Cypriniformes,Cyprinidae,Labeo,bata
155312,Actinopterygii,Cypriniformes,Cyprinidae,Vimba,vimba
155349,Actinopterygii,Perciformes,Sparidae,Diplodus,bermudensis
155350,Actinopterygii,Beryciformes,Holocentridae,Holocentrus,rufus
155351,Actinopterygii,Perciformes,Haemulidae,Haemulon,flavolineatum
155352,Actinopterygii,Cyprinodontiformes,Poeciliidae,Poeciliopsis,monacha
155356,Chondrichthyes,Squaliformes,Squalidae,Squalus,acanthias
155442,Actinopterygii,Pleuronectiformes,Scophthalmidae,Psetta,maeotica
155449,Cephalaspidomorphi,Petromyzontiformes,Petromyzontidae,Lampetra,appendix
155455,Actinopterygii,Perciformes,Lutjanidae,Lutjanus,argentimaculatus
155465,Actinopterygii,Siluriformes,Callichthyidae,Callichthys,callichthys
155467,Actinopterygii,Cyprinodontiformes,Cyprinodontidae,Aplocheilus,melanostigma
155471,Actinopterygii,Perciformes,Serranidae,Epinephelus,sp.
155479,Actinopterygii,Pleuronectiformes,Soleidae,Trinectes,maculatus
155481,Actinopterygii,Cyprinodontiformes,Cyprinodontidae,Fundulus,ocellaris
155483,Actinopterygii,Cyprinodontiformes,Poeciliidae,Heterandria,formosa
155491,Actinopterygii,Cypriniformes,Balitoridae,Nemacheilus,botia
155500,Actinopterygii,Perciformes,Cichlidae,Cichlasoma,nigrofasciatum
155514,Actinopterygii,Perciformes,Oplegnathidae,Oplegnathus,fasciatus
155522,Actinopterygii,Cypriniformes,Cyprinidae,Notropis,anogenus
155528,Actinopterygii,Perciformes,Gobiidae,Gobio,gobio
155571,Actinopterygii,Salmoniformes,Salmonidae,Coregonus,lavaretus
155665,Actinopterygii,Salmoniformes,Salmonidae,Coregonus,peled
155678,Actinopterygii,Acipenseriformes,Acipenseridae,Acipenser,stellatus
155703,Actinopterygii,Osmeriformes,Osmeridae,Mallotus,villosus
155708,Actinopterygii,Cypriniformes,Cyprinidae,Rhodeus,sericeus
155725,Actinopterygii,Cypriniformes,Cyprinidae,Esomus,danricus
155801,Chondrichthyes,Rajiformes,Rajidae,Raja,ocellata
155802,Actinopterygii,Atheriniformes,Atherinidae,Basilichthys,australis
155805,Actinopterygii,Perciformes,Cichlidae,Tilapia,kottae
155806,Actinopterygii,Perciformes,Cichlidae,Hemichromis,fasciatus
155807,Actinopterygii,Cypriniformes,Cyprinidae,Labeo,calbasu
155816,Actinopterygii,Scorpaeniformes,Cottidae,Oligocottus,maculosus
155876,Actinopterygii,Perciformes,Eleotridae,Hypseleotris,galii
155881,Actinopterygii,Cypriniformes,Cyprinidae,Chalcalburnus,chalcoides
155889,Actinopterygii,Cypriniformes,Cyprinidae,Squalius,cephalus
155892,Actinopterygii,Cypriniformes,Cyprinidae,Zacco,platypus
155938,Actinopterygii,Siluriformes,Ictaluridae,Noturus,miurus
155944,Actinopterygii,Perciformes,Centrarchidae,Lepomis,marginatus
155945,Actinopterygii,Scorpaeniformes,Cottidae,Cottus,sp.
155947,Actinopterygii,Perciformes,Anabantidae,Betta,splendens
155983,Actinopterygii,Cypriniformes,Cyprinidae,Abramis,ballerus
155987,Actinopterygii,Perciformes,Labridae,Halichoeres,poecilopterus
155988,Actinopterygii,Tetraodontiformes,Tetraodontidae,Fugu,niphobles
155989,Actinopterygii,Perciformes,Centropomidae,Ambassis,sp.
156018,Actinopterygii,Perciformes,Cichlidae,Pseudocrenilabrus,philander
156025,Actinopterygii,Cypriniformes,Cyprinidae,Barbus,anoplus
156026,Actinopterygii,Cypriniformes,Cyprinidae,Barbus,natalensis
156027,Actinopterygii,Cypriniformes,Cyprinidae,Barbus,gurneyi
156028,Actinopterygii,Perciformes,Pomacentridae,Pomacentrus,leucostictus
156029,Chondrichthyes,Rajiformes,Rajidae,Raja,eglanteria
156030,Actinopterygii,Tetraodontiformes,Tetraodontidae,Monacanthus,hispidus
156046,Actinopterygii,Salmoniformes,Salmonidae,Coregonus,migratorius
156047,Actinopterygii,Perciformes,Nandidae,Nandus,nandus
156050,Actinopterygii,Cypriniformes,Cyprinidae,Zacco,temmincki
156130,Actinopterygii,Gadiformes,Gadidae,Pollachius,virens
156174,Actinopterygii,Gasterosteiformes,Gasterosteidae,Spinachia,spinachia
156175,Actinopterygii,Scorpaeniformes,Cottidae,Myoxocephalus,scorpius
156179,Actinopterygii,Siluriformes,Pimelodidae,Pimelodus,maculatus
156181,Actinopterygii,Perciformes,Pomacentridae,Chromis,punctipinnis
156193,Chondrichthyes,Rajiformes,Rajidae,Leucoraja,erinacea
156243,Actinopterygii,Pleuronectiformes,Bothidae,Paralichthys,lethostigma
156244,Chondrichthyes,Rajiformes,Dasyatidae,Dasyatis,sabina
156246,Actinopterygii,Gadiformes,Gadidae,Microgadus,tomcod
156293,Actinopterygii,Perciformes,Cichlidae,Tilapia,spilurus
156296,Actinopterygii,Perciformes,Cichlidae,Australoheros,facetus
156336,Actinopterygii,Cypriniformes,Cyprinidae,Nothobranchius,guentheri
156396,Actinopterygii,Perciformes,Percidae,Eupomatis,gibbosus
156398,Actinopterygii,Perciformes,Cichlidae,Tilapia,natalensis
156417,Actinopterygii,Perciformes,Cichlidae,Cichla,ocellaris
156425,Actinopterygii,Perciformes,Cichlidae,Astronotus,ocellatus
156437,Actinopterygii,Cyprinodontiformes,Poeciliidae,Poecilia,vivipara
156469,Actinopterygii,Perciformes,Channidae,Channa,argus
156479,Actinopterygii,Siluriformes,Bagridae,Mystus,cavasius
156486,Actinopterygii,Perciformes,Cichlidae,Haplochromis,burtoni
156487,Actinopterygii,Pleuronectiformes,Pleuronectidae,Psettichthys,melanostictus
156489,Actinopterygii,Perciformes,Cichlidae,Sarotherodon,galilaeus
156492,Actinopterygii,Perciformes,Cichlidae,Etroplus,suratensis
156499,Actinopterygii,Cypriniformes,Cyprinidae,Danio,malabaricus
156502,Actinopterygii,Salmoniformes,Salmonidae,Prosopium,williamsoni
156570,Actinopterygii,Cypriniformes,Cyprinidae,Nuria,danrica
156620,Actinopterygii,Mugiliformes,Mugilidae,Rhinomugil,corsula
156623,Actinopterygii,Perciformes,Gobiidae,Chasmichthys,gulosus
156639,Actinopterygii,Cyprinodontiformes,Cyprinodontidae,Cyprinodon,dearborni
156644,Actinopterygii,Cypriniformes,Balitoridae,Noemacheilus,denisonii
156648,Actinopterygii,Cypriniformes,Cyprinidae,Nothobranchius,rachovii
156650,Actinopterygii,Pleuronectiformes,Pleuronectidae,Hippoglossoides,platessoides
156667,Actinopterygii,Scorpaeniformes,Cyclopteridae,Cyclopterus,lumpus
156669,Actinopterygii,Perciformes,Gobiidae,Acanthogobius,flavimanus
156693,Actinopterygii,Perciformes,Centrarchidae,Chaenobryttus,gulosus
156696,Actinopterygii,Cypriniformes,Cyprinidae,Garra,mullya
156705,Actinopterygii,Cyprinodontiformes,Cyprinodontidae,Aplocheilus,lineatus
156717,Actinopterygii,Perciformes,Osphronemidae,Pseudosphromenus,cupanus
156748,Actinopterygii,Cyprinodontiformes,Poeciliidae,Poecilia,formosa
156753,Actinopterygii,Batrachoidiformes,Batrachoididae,Halobatrachus,didactylus
156762,Actinopterygii,Acipenseriformes,Acipenseridae,Acipenser,gueldenstaedtii
156785,Actinopterygii,Cypriniformes,Cyprinidae,Rutilus,kutum
156836,Actinopterygii,Cypriniformes,Cyprinidae,Carassius,gibelio
157016,Actinopterygii,Batrachoidiformes,Batrachoididae,Opsanus,beta
157225,Actinopterygii,Perciformes,Pomacentridae,Amphiprion,ocellaris
157231,Actinopterygii,Cypriniformes,Cyprinidae,Barbus,sharpeyi
157238,Actinopterygii,Perciformes,Cichlidae,Geophagus,brasiliensis
157241,Actinopterygii,Salmoniformes,Salmonidae,Salvelinus,alpinus
157384,Actinopterygii,Cypriniformes,Cyprinidae,Labeo,umbratus
157386,Actinopterygii,Perciformes,Centrarchidae,Micropterus,treculii
157390,Actinopterygii,Cypriniformes,Cyprinidae,Rasbora,sp.
157392,Cephalaspidomorphi,Petromyzontiformes,Petromyzontidae,Petromyzon,sp.
157396,Cephalaspidomorphi,Petromyzontiformes,Petromyzontidae,Ichthyomyzon,sp.
157400,Cephalaspidomorphi,Petromyzontiformes,Petromyzontidae,Lampetra,sp.
157420,Actinopterygii,Characiformes,Curimatidae,Semaprochilodus,insignis
157431,Actinopterygii,Cypriniformes,Cyprinidae,Opsariichthys,uncirostris
157433,Actinopterygii,Perciformes,Percidae,Gymnocephalus,cernuus
157454,Actinopterygii,Salmoniformes,Salmonidae,Coregonus,muksun
157458,Actinopterygii,Siluriformes,Bagridae,Mystus,keletius
157464,Actinopterygii,Cypriniformes,Balitoridae,Noemacheilus,montanus
157484,Actinopterygii,Cyprinodontiformes,Poeciliidae,Poeciliopsis,sp.
157485,Actinopterygii,Siluriformes,Plotosidae,Cnidoglanis,macrocephalus
157488,Actinopterygii,Perciformes,Sillaginidae,Sillago,bassensis
157489,Actinopterygii,Atheriniformes,Atherinidae,Atherina,hepsetus
157491,Actinopterygii,Mugiliformes,Mugilidae,Liza,aurata
157515,Actinopterygii,Perciformes,Gobiidae,Gobius,niger
157541,Actinopterygii,Siluriformes,Bagridae,Mystus,bleekeri
157552,Actinopterygii,Perciformes,Centrarchidae,Lepomis,symmetricus
157553,Actinopterygii,Cypriniformes,Cyprinidae,Phoxinus,lagowskii
157555,Actinopterygii,Cypriniformes,Cyprinidae,Leuciscus,hakonensis
157556,Actinopterygii,Cypriniformes,Cyprinidae,Eigenmannia,virescens
157557,Actinopterygii,Cypriniformes,Cyprinidae,Danio,devario
157560,Actinopterygii,Perciformes,Centropomidae,Ambassis,gymnocephalus
157563,Actinopterygii,Cyprinodontiformes,Cyprinodontidae,Aplocheilus,panchax
157566,Actinopterygii,Cypriniformes,Cyprinidae,Chela,cachius
157569,Actinopterygii,Beloniformes,Adrianichthyidae,Oryzias,melastigma
157624,Actinopterygii,Cyprinodontiformes,Poeciliidae,Cnesterodon,decemmaculatus
157694,Actinopterygii,Perciformes,Sparidae,Stenotomus,versicolor
157702,Actinopterygii,Cypriniformes,Cyprinidae,Platygobio,gracilis
157709,Actinopterygii,Percopsiformes,Percopsidae,Percopsis,omiscomaycus
157710,Actinopterygii,Gadiformes,Gadidae,Lota,lota
157738,Actinopterygii,Perciformes,Centrarchidae,Lepomis,auritus
157742,Actinopterygii,Atheriniformes,Melanotaeniidae,Melanotaenia,fluviatilis
157904,Actinopterygii,Characiformes,Characidae,Astyanax,bimaculatus
157929,Actinopterygii,Perciformes,Gobiidae,Gobius,sp.
157954,Actinopterygii,Siluriformes,Plotosidae,Plotosus,anguillaris
157956,Actinopterygii,Perciformes,Serranidae,Epinephelus,akaara
157959,Actinopterygii,Semionotiformes,Lepisosteidae,Lepisosteus,oculatus
157960,Actinopterygii,Clupeiformes,Clupeidae,Brevoortia,sp.
157961,Actinopterygii,Gasterosteiformes,Syngnathidae,Syngnathus,sp.
157962,Actinopterygii,Perciformes,Sciaenidae,Argyrosomus,japonicus
157967,Actinopterygii,Mugiliformes,Mugilidae,Liza,parsia
158042,Actinopterygii,Cypriniformes,Catostomidae,Catostomus,platyrhynchus
158045,Actinopterygii,Cypriniformes,Cyprinidae,Hybognathus,placitus
158046,Actinopterygii,Scorpaeniformes,Cottidae,Myoxocephalus,aenaeus
158049,Actinopterygii,Perciformes,Pomacentridae,Pomacentrus,coelestis
158051,Actinopterygii,Siluriformes,Mochokidae,Synodontis,sp.
158052,Actinopterygii,Cypriniformes,Cyprinidae,Barbus,sp.
158054,Actinopterygii,Cyprinodontiformes,Cyprinodontidae,Aplocheilichthys,johnstonii
158056,Actinopterygii,Perciformes,Gobiidae,Pomatoschistus,microps
158117,Actinopterygii,Synbranchiformes,Mastacembelidae,Macrognathus,aculeatus
158122,Actinopterygii,Siluriformes,Trichomycteridae,Trichomycterus,brasiliensis
158129,Actinopterygii,Perciformes,Centrarchidae,Micropterus,punctulatus
158132,Actinopterygii,Perciformes,Gerreidae,Eucinostomus,argenteus
158141,Actinopterygii,Siluriformes,Clariidae,Clarias,ngamensis
158142,Actinopterygii,Perciformes,Belonidae,Belone,belone
158149,Actinopterygii,Characiformes,Hepsetidae,Hepsetus,odoe
158150,Actinopterygii,Perciformes,Labridae,Ctenolabrus,rupestris
158152,Actinopterygii,Pleuronectiformes,Bothidae,Paralichthys,orbignyanus
158168,Actinopterygii,Perciformes,Sillaginidae,Sillago,japonica
158269,Actinopterygii,Perciformes,Cichlidae,Oreochromis,mossambicus X urolepis
158270,Actinopterygii,Siluriformes,Ictaluridae,Platycephalus,bassensis
158281,Actinopterygii,Perciformes,Gobiidae,Bathygobius,fuscus
158284,Actinopterygii,Perciformes,Haemulidae,Orthopristis,ruber
158288,Actinopterygii,Perciformes,Sparidae,Acanthopagrus,australis
158291,Actinopterygii,Perciformes,Cichlidae,Cichlasoma,managuense
158294,Actinopterygii,Pleuronectiformes,Pleuronectidae,Hippoglossus,hippoglossus
158299,Actinopterygii,Perciformes,Nototheniidae,Trematomus,bernacchii
158369,Actinopterygii,Cypriniformes,Cyprinidae,Opsopoeodus,emiliae
158370,Actinopterygii,Perciformes,Haemulidae,Parapristipoma,trilineatum
158374,Actinopterygii,Scorpaeniformes,Scorpaenidae,Sebastes,schlegelii
158466,Actinopterygii,Siluriformes,Ariidae,Nemapteryx,nenga
158470,Actinopterygii,Perciformes,Channidae,Channa,stewartii
158474,Actinopterygii,Perciformes,Cichlidae,Tilapia,macrochir
158483,Actinopterygii,Perciformes,Cichlidae,Tilapia,pangani
158494,Actinopterygii,Cypriniformes,Cyprinidae,Garra,gotyla
158525,Actinopterygii,Cyprinodontiformes,Cyprinodontidae,Aphyosemion,gardneri
158528,Actinopterygii,Perciformes,Serranidae,Epinephelus,adscensionis
158533,Actinopterygii,Perciformes,Serranidae,Cephalopholis,cruentata
158534,Actinopterygii,Perciformes,Lutjanidae,Ocyurus,chrysurus
158538,Actinopterygii,Siluriformes,Bagridae,Chrysichthys,auratus
158541,Actinopterygii,Cyprinodontiformes,Cyprinodontidae,Fundulus,sp.
158562,Cephalaspidomorphi,Petromyzontiformes,Petromyzontidae,Lampetra,fluviatilis
158564,Actinopterygii,Pleuronectiformes,Pleuronectidae,Microstomus,kitt
158565,Actinopterygii,Cypriniformes,Cyprinidae,Notropis,ludibundis
158571,Actinopterygii,Acipenseriformes,Acipenseridae,Acipenser,transmontanus
158682,Actinopterygii,Esociformes,Esocidae,Esox,americanus
158683,Actinopterygii,Perciformes,Teraponidae,Pelsartia,humeralis
158686,Actinopterygii,Cypriniformes,Cyprinidae,Phoxinus,neogaeus
158689,Actinopterygii,Characiformes,Characidae,Paracheirodon,axelrodi
158711,Actinopterygii,Perciformes,Percichthyidae,Macquaria,novemaculeata
158722,Actinopterygii,Cypriniformes,Catostomidae,Myxocyprinus,asiaticus
158731,Actinopterygii,Salmoniformes,Salmonidae,Coregonus,artedii
158753,Actinopterygii,Cypriniformes,Cyprinidae,Acrossocheilus,paradoxus
158766,Actinopterygii,Cypriniformes,Cyprinidae,Orthodon,microlepidotus
158768,Actinopterygii,Cypriniformes,Catostomidae,Catostomus,latipinnis
158810,Actinopterygii,Siluriformes,Bagridae,Hemibagrus,nemurus
158813,Actinopterygii,Siluriformes,Loricariidae,Hypostomus,plecostomus
158816,Actinopterygii,Cypriniformes,Cyprinidae,Puntius,tetrazona
158818,Actinopterygii,Characiformes,Characidae,Hyphessobrycon,herbertaxelrodi
158820,Actinopterygii,Perciformes,Cichlidae,Pterophyllum,scalare
158832,Actinopterygii,Perciformes,Gobiidae,Periophthalmus,dipus
158855,Actinopterygii,Characiformes,Characidae,Hyphessobrycon,sovichthys
158856,Myxini,Myxiniformes,Myxinidae,Myxine,glutinosa
158860,Actinopterygii,Cypriniformes,Catostomidae,Deltistes,luxatus
158868,Actinopterygii,Cypriniformes,Catostomidae,Chasmistes,brevirostris
158876,Actinopterygii,Cypriniformes,Cyprinidae,Carassius,cuvieri
158880,Actinopterygii,Atheriniformes,Atherinidae,Austromenidia,laticlavia
158883,Actinopterygii,Osmeriformes,Galaxiidae,Galaxias,fasciatus
158889,Actinopterygii,Perciformes,Eleotridae,Gobiomorphus,cotidianus
158900,Actinopterygii,Osmeriformes,Retropinnidae,Retropinna,retropinna
158909,Actinopterygii,Perciformes,Eleotridae,Gobiomorphus,huttoni
158912,Actinopterygii,Anguilliformes,Anguillidae,Anguilla,dieffenbachii
158915,Actinopterygii,Anguilliformes,Anguillidae,Anguilla,australis
158925,Actinopterygii,Cypriniformes,Cyprinidae,Leuciscus,leuciscus
158944,Actinopterygii,Gadiformes,Gadidae,Gadus,ogac
158948,Actinopterygii,Gadiformes,Gadidae,Eleginus,navaga
158956,Actinopterygii,Perciformes,Anarhichadidae,Anarhichas,lupus
158964,Actinopterygii,Perciformes,Cichlidae,Heros,severus
158968,Actinopterygii,Characiformes,Characidae,Macropsobrycon,uruguayanae
158971,Actinopterygii,Siluriformes,Pimelodidae,Lophiosilurus,alexandri
158974,Actinopterygii,Siluriformes,Trichomycteridae,Trichomycterus,zonatus
159014,Actinopterygii,Pleuronectiformes,Soleidae,Solea,senegalensis
159046,Actinopterygii,Perciformes,Centrarchidae,Enneacanthus,chaetodon
159052,Actinopterygii,Characiformes,Characidae,Aphyocharax,rubripinnis
159058,Actinopterygii,Cypriniformes,Cyprinidae,Puntius,cumingii
159064,Actinopterygii,Perciformes,Sparidae,Sparus,sp.
159074,Actinopterygii,Siluriformes,Clariidae,Clarias,albopunctatus
159079,Actinopterygii,Characiformes,Characidae,Paracheirodon,innesi
159080,Actinopterygii,Perciformes,Gobiidae,Apocryptes,bato
159109,Actinopterygii,Cypriniformes,Cyprinidae,Danio,aequipinnatus
159119,Actinopterygii,Characiformes,Characidae,Piaractus,mesopotamicus
159175,Actinopterygii,Characiformes,Curimatidae,Prochilodus,scrofa
159343,Actinopterygii,Perciformes,Percidae,Etheostoma,rubrum
159374,Actinopterygii,Perciformes,Percidae,Etheostoma,lepidum
159415,Actinopterygii,Acipenseriformes,Acipenseridae,Scaphirhynchus,platorynchus
159444,Actinopterygii,Cyprinodontiformes,Poeciliidae,Poeciliopsis,occidentalis
159491,Actinopterygii,Beloniformes,Adrianichthyidae,Oryzias,sp.
159495,Actinopterygii,Salmoniformes,Salmonidae,Salmo,sp.
159497,Actinopterygii,Cyprinodontiformes,Cyprinodontidae,Aphanius,iberus
159515,Actinopterygii,Perciformes,Teraponidae,Hephaestus,carbo
159521,Actinopterygii,Perciformes,Percidae,Etheostoma,fonticola
159644,Actinopterygii,Cypriniformes,Cyprinidae,Gobiocypris,rarus
160074,Actinopterygii,Cyprinodontiformes,Cyprinodontidae,Fundulus,kansae
160075,Actinopterygii,Salmoniformes,Salmonidae,Salvelinus,confluentus
160306,Actinopterygii,Cyprinodontiformes,Cyprinodontidae,Cyprinodon,bovinus
160330,Actinopterygii,Siluriformes,Mochokidae,Synodontis,eupterus
160331,Actinopterygii,Scorpaeniformes,Cottidae,Taurulus,bubalis
160333,Actinopterygii,Gadiformes,Gadidae,Pollachius,pollachius
160334,Actinopterygii,Scorpaeniformes,Cottidae,Myoxocephalus,octodecemspinosus
160361,Actinopterygii,Cypriniformes,Cyprinidae,Erimonax,monachus
160427,Actinopterygii,Gadiformes,Gadidae,Melanogrammus,aeglefinus
160437,Actinopterygii,Acipenseriformes,Acipenseridae,Acipenser,brevirostrum
160453,Actinopterygii,Cypriniformes,Cyprinidae,Notropis,mekistocholas
160468,Actinopterygii,Acipenseriformes,Acipenseridae,Acipenser,oxyrhynchus
160484,Actinopterygii,Siluriformes,Ictaluridae,Ictalurus,platycephalus
160485,Actinopterygii,Pleuronectiformes,Pleuronectidae,Limanda,punctatissima
160490,Actinopterygii,Cypriniformes,Cyprinidae,Pogonichthys,macrolepidotus
160523,Actinopterygii,Perciformes,Gobiidae,Boleophthalmus,boddarti
160574,Actinopterygii,Perciformes,Gobiidae,Periophthalmodon,schlosseri
160615,Actinopterygii,Characiformes,Erythrinidae,Hoplias,malabaricus
160654,Actinopterygii,Siluriformes,Heptapteridae,Rhamdia,quelen
160753,Actinopterygii,Perciformes,Cichlidae,Aulonocara,jacobfreibergi
160757,Actinopterygii,Characiformes,Characidae,Brycon,cephalus
160823,Actinopterygii,Osmeriformes,Galaxiidae,Galaxias,truttaceus
160829,Actinopterygii,Perciformes,Labridae,Symphodus,melops
160831,Actinopterygii,Perciformes,Siganidae,Siganus,guttatus
160844,Actinopterygii,Perciformes,Serranidae,Epinephelus,coioides
160868,Actinopterygii,Atheriniformes,Atherinopsidae,Odontesthes,regia
160871,Actinopterygii,Cypriniformes,Cyprinidae,Onychostoma,barbata
160874,Actinopterygii,Cypriniformes,Cyprinidae,Candidia,barbatus
160877,Actinopterygii,Atheriniformes,Atherinopsidae,Odontesthes,bonariensis
160936,Actinopterygii,Cyprinodontiformes,Rivulidae,Cynopoecilus,melanotaenia
160939,Actinopterygii,Mugiliformes,Mugilidae,Liza,carinata
160942,Actinopterygii,Gymnotiformes,Apteronotidae,Apteronotus,leptorhynchus
160943,Actinopterygii,Gadiformes,Gadidae,Theragra,chalcogramma
160954,Actinopterygii,Cypriniformes,Cyprinidae,Barbonymus,gonionotus
160957,Actinopterygii,Tetraodontiformes,Tetraodontidae,Takifugu,rubripes
160969,Actinopterygii,Siluriformes,Callichthyidae,Corydoras,paleatus
161004,Actinopterygii,Pleuronectiformes,Bothidae,Paralichthys,sp.
161006,Actinopterygii,Perciformes,Cichlidae,Tilapia,guineensis
161045,Actinopterygii,Cyprinodontiformes,Poeciliidae,Gambusia,yucatana
161059,Actinopterygii,Perciformes,Pomacentridae,Pomacentrus,amboinensis
161065,Actinopterygii,Perciformes,Eleotridae,Hypseleotris,klunzingeri
161068,Actinopterygii,Characiformes,Anostomidae,Leporinus,obtusidens
161151,Actinopterygii,Tetraodontiformes,Tetraodontidae,Sphoeroides,sp.
161195,Actinopterygii,Siluriformes,Clariidae,Clarias,submarginatus
161202,Actinopterygii,Perciformes,Scombridae,Thunnus,albacares
161203,Actinopterygii,Perciformes,Gobiidae,Boleophthalmus,sp.
161209,Actinopterygii,Siluriformes,Clariidae,Heterobranchus,longifilis
161213,Actinopterygii,Perciformes,Siganidae,Siganus,rivulatus
161219,Actinopterygii,Perciformes,Mullidae,Parupeneus,barberinus
161225,Actinopterygii,Siluriformes,Callichthyidae,Hoplosternum,littorale
161230,Actinopterygii,Perciformes,Pomacentridae,Amphiprion,clarkii
161240,Actinopterygii,Characiformes,Characidae,Astyanax,sp.
161243,Actinopterygii,Cyprinodontiformes,Anablepidae,Jenynsia,multidentata
161299,Actinopterygii,Characiformes,Characidae,Metynnis,lippincottianus
161301,Actinopterygii,Cypriniformes,Balitoridae,Nemacheilus,angorae
161312,Actinopterygii,Pleuronectiformes,Paralichthyidae,Citharichthys,sordidus
161313,Actinopterygii,Batrachoidiformes,Batrachoididae,Porichthys,notatus
161319,Chondrichthyes,Rajiformes,Rajidae,Raja,rhina
161323,Actinopterygii,Perciformes,Sparidae,Rhabdosargus,sarba
161347,Actinopterygii,Acipenseriformes,Acipenseridae,Scaphirhynchus,albus
161351,Actinopterygii,Characiformes,Hemiodontidae,Apareiodon,affinis
161354,Actinopterygii,Perciformes,Gobiidae,Gobius,paganellus
161355,Actinopterygii,Characiformes,Characidae,Metynnis,orinocensis
161364,Actinopterygii,Siluriformes,Pimelodidae,Pseudoplatystoma,corruscans
161366,Actinopterygii,Osmeriformes,Osmeridae,Osmerus,eperlanus
161368,Actinopterygii,Cypriniformes,Cobitidae,Paramisgurnus,dabryanus
161409,Actinopterygii,Cypriniformes,Cyprinidae,Lavinia,exilicauda
161410,Actinopterygii,Siluriformes,Loricariidae,Ancistrus,multispinis
161414,Actinopterygii,Perciformes,Centrarchidae,Enneacanthus,sp.
161416,Actinopterygii,Cyprinodontiformes,Fundulidae,Lucania,goodei
161417,Actinopterygii,Cyprinodontiformes,Cyprinodontidae,Fundulus,chrysotus
161418,Actinopterygii,Perciformes,Centrarchidae,Centrarchus,macropterus
161419,Actinopterygii,Perciformes,Gobiidae,Pomatoschistus,sp.
161433,Actinopterygii,Perciformes,Gobiidae,Glossogobius,sp.
161434,Actinopterygii,Cypriniformes,Cyprinidae,Amblypharyngodon,mola
161435,Actinopterygii,Synbranchiformes,Mastacembelidae,Mastacembelus,armatus
161436,Actinopterygii,Cypriniformes,Cyprinidae,Cirrhinus,cirrhosus
161437,Actinopterygii,Cypriniformes,Cyprinidae,Puntius,sp.
161438,Actinopterygii,Osteoglossiformes,Notopteridae,Chitala,chitala
161439,Actinopterygii,Perciformes,Stromateidae,Peprilus,triacanthus
161449,Actinopterygii,Perciformes,Coryphaenidae,Coryphaena,hippurus
161456,Actinopterygii,Beloniformes,Adrianichthyidae,Oryzias,javanicus
161522,Actinopterygii,Perciformes,Cichlidae,Caquetaia,kraussii
161566,Actinopterygii,Perciformes,Rachycentridae,Rachycentron,canadum
161595,Actinopterygii,Characiformes,Characidae,Colossoma,macropomum
161676,Actinopterygii,Perciformes,Serranidae,Epinephelus,malabaricus
161698,Actinopterygii,Salmoniformes,Salmonidae,Oncorhynchus,sp.
161702,Actinopterygii,Perciformes,Gobiidae,Periophthalmus,waltoni
161750,Actinopterygii,Cypriniformes,Cyprinidae,Hybognathus,amarus
161793,Actinopterygii,Cypriniformes,Cyprinidae,Hemibarbus,mylodon
161815,Actinopterygii,Cyprinodontiformes,Goodeidae,Girardinichthys,viviparus
161835,Actinopterygii,Cypriniformes,Cyprinidae,Notropis,topeka
161856,Actinopterygii,Perciformes,Pomacentridae,Chromis,viridis
161860,Actinopterygii,Perciformes,Pomacentridae,Dascyllus,aruanus
161864,Actinopterygii,Perciformes,Sparidae,Acanthopagrus,butcheri
161867,Actinopterygii,Perciformes,Cichlidae,Oreochromis,sp.
161874,Actinopterygii,Acipenseriformes,Acipenseridae,Acipenser,sinensis
161893,Actinopterygii,Gasterosteiformes,Syngnathidae,Syngnathus,scovelli
161899,Actinopterygii,Characiformes,Characidae,Cheirodon,interruptus
161900,Actinopterygii,Cypriniformes,Cyprinidae,Garra,rufa
161904,Actinopterygii,Perciformes,Mullidae,Mullus,barbatus
161920,Actinopterygii,Cypriniformes,Cyprinidae,Gila,cypha
161942,Cephalaspidomorphi,Petromyzontiformes,Petromyzontidae,Lampetra,tridentata
161962,Actinopterygii,Acipenseriformes,Acipenseridae,Acipenser,persicus
161994,Actinopterygii,Gasterosteiformes,Syngnathidae,Hippocampus,abdominalis
162007,Actinopterygii,Cypriniformes,Cyprinidae,Rasbora,caverii
162013,Actinopterygii,Gymnotiformes,Sternopygidae,Sternopygus,sp.
162014,Actinopterygii,Perciformes,Latridae,Latris,lineata
162016,Actinopterygii,Siluriformes,Siluridae,Silurus,meridionalis
162019,Actinopterygii,Tetraodontiformes,Tetraodontidae,Takifugu,obscurus
162022,Actinopterygii,Pleuronectiformes,Pleuronectidae,Pleuronichthys,verticalis
162024,Actinopterygii,Scorpaeniformes,Scorpaenidae,Sebastiscus,marmoratus
162028,Actinopterygii,Perciformes,Lateolabracidae,Lateolabrax,japonicus
162030,Actinopterygii,Cypriniformes,Cyprinidae,Alburnus,tarichi
162032,Actinopterygii,Characiformes,Characidae,Brycon,amazonicus
162033,Actinopterygii,Cypriniformes,Cyprinidae,Cyprinella,leedsi
162034,Actinopterygii,Cyprinodontiformes,Cyprinodontidae,Fundulus,seminolis
162035,Actinopterygii,Osmeriformes,Osmeridae,Hypomesus,transpacificus
162040,Actinopterygii,Perciformes,Blenniidae,Hypsoblennius,ionthas
162042,Actinopterygii,Gasterosteiformes,Syngnathidae,Syngnathus,abaster
162045,Actinopterygii,Siluriformes,Clariidae,Clarias,gariepinus X macrocephalus
162047,Actinopterygii,Perciformes,Pomacentridae,Acanthochromis,polyacanthus
162049,Actinopterygii,Atheriniformes,Atherinopsidae,Chirostoma,jordani
162057,Actinopterygii,Cypriniformes,Cyprinidae,Cyprinus,sp.
162058,Actinopterygii,Siluriformes,Pangasiidae,Pangasius,hypophthalmus
162066,Actinopterygii,Cypriniformes,Cyprinidae,Barbus,grypus
162067,Actinopterygii,Cyprinodontiformes,Poeciliidae,Phalloceros,caudimaculatus
162070,Actinopterygii,Cypriniformes,Cyprinidae,Capoeta,capoeta
162072,Actinopterygii,Characiformes,Characidae,Piaractus,brachypomus
162073,Actinopterygii,Cyprinodontiformes,Goodeidae,Goodea,atripinnis
162076,Actinopterygii,Osmeriformes,Galaxiidae,Galaxias,anomalus
162078,Actinopterygii,Salmoniformes,Salmonidae,Coregonus,albula
162082,Actinopterygii,Characiformes,Characidae,Hyphessobrycon,erythrostigma
162084,Actinopterygii,Characiformes,Lebiasinidae,Nannostomus,unifasciatus
162086,Actinopterygii,Siluriformes,Loricariidae,Otocinclus,affinis
162088,Actinopterygii,Characiformes,Characidae,Hyphessobrycon,eques
162093,Actinopterygii,Perciformes,Percidae,Sander,sp.
162095,Actinopterygii,Siluriformes,Pangasiidae,Pangasianodon,hypophthalmus
162098,Actinopterygii,Perciformes,Cichlidae,Rocio,octofasciata
162106,Actinopterygii,Perciformes,Gobiidae,Synechogobius,hasta
162111,Actinopterygii,Synbranchiformes,Synbranchidae,Synbranchus,marmoratus
162116,Actinopterygii,Semionotiformes,Lepisosteidae,Atractosteus,tropicus
162117,Actinopterygii,Cypriniformes,Cyprinidae,Probarbus,jullieni
162119,Actinopterygii,Cypriniformes,Cyprinidae,Barbodes,carnaticus
162141,Actinopterygii,Siluriformes,Heptapteridae,Rhamdia,sp.
162144,Actinopterygii,Gymnotiformes,Apteronotidae,Apteronotus,albifrons
162146,Actinopterygii,Perciformes,Sparidae,Evynnis,japonica
162147,Actinopterygii,Cypriniformes,Cyprinidae,Capoeta,fusca
162157,Actinopterygii,Gymnotiformes,Gymnotidae,Gymnotus,carapo
162161,Actinopterygii,Cyprinodontiformes,Poeciliidae,Poecilia,wingei
162164,Actinopterygii,Cypriniformes,Cyprinidae,Tinca,sp.
162165,Actinopterygii,Cypriniformes,Cyprinidae,Puntius,chola
162168,Actinopterygii,Cypriniformes,Cyprinidae,Cyprinella,venusta
162169,Actinopterygii,Cypriniformes,Cyprinidae,Cyprinella,sp.
162171,Actinopterygii,Perciformes,Cichlidae,Parachromis,dovii
162173,Actinopterygii,Acipenseriformes,Acipenseridae,Acipenser,schrenckii
162174,Actinopterygii,Cypriniformes,Cyprinidae,Rasbora,sumatrana
162178,Actinopterygii,Perciformes,Centropomidae,Centropomus,parallelus
162179,Actinopterygii,Acipenseriformes,Acipenseridae,Acipenser,medirostris
162189,Actinopterygii,Siluriformes,Bagridae,Pelteobagrus,fulvidraco
162192,Actinopterygii,Cypriniformes,Cyprinidae,Megalobrama,amblycephala
162193,Actinopterygii,Cypriniformes,Cyprinidae,Puntius,parrah
162199,Actinopterygii,Perciformes,Labridae,Thalassoma,pavo
162201,Actinopterygii,Perciformes,Percidae,Etheostoma,rufilineatum
162202,Actinopterygii,Osmeriformes,Galaxiidae,Galaxias,sp.
162215,Actinopterygii,Perciformes,Cichlidae,Oreochromis,spilurus
162218,Actinopterygii,Siluriformes,Tachysuridae,Tachysurus,fulvidraco
162220,Actinopterygii,Cypriniformes,Cyprinidae,Couesius,plumbeus
162223,Actinopterygii,Perciformes,Sparidae,Diplodus,cervinus
162227,Actinopterygii,Perciformes,Sparidae,Acanthopagrus,latus
162228,Actinopterygii,Cypriniformes,Cyprinidae,Mylopharyngodon,piceus
162231,Actinopterygii,Cypriniformes,Cyprinidae,Plagiognathops,microlepis
162234,Actinopterygii,Cypriniformes,Cyprinidae,Chanodichthys,erythropterus
162237,Actinopterygii,Cypriniformes,Cyprinidae,Labeo,niloticus
162239,Actinopterygii,Perciformes,Carangidae,Seriola,lalandi
162245,Actinopterygii,Cypriniformes,Cyprinidae,Puntigrus,tetrazona
162246,Actinopterygii,Characiformes,Characidae,Hemigrammus,erythrozonus
162247,Actinopterygii,Cypriniformes,Cyprinidae,Megarasbora,elanga
162249,Actinopterygii,Siluriformes,Clariidae,Heterobranchus,bidorsalis
162250,Actinopterygii,Cypriniformes,Cyprinidae,Mesopotamichthys,sharpeyi
162252,Actinopterygii,Cypriniformes,Cyprinidae,Notropis,maculatus
162253,Actinopterygii,Siluriformes,Pimelodidae,Pseudoplatystoma,sp.
162258,Actinopterygii,Perciformes,Labridae,Coris,julis
162259,Actinopterygii,Cypriniformes,Cyprinidae,Rhodeus,ocellatus
162263,Actinopterygii,Scorpaeniformes,Scorpaenidae,Sebastes,caurinus
162275,Actinopterygii,Gadiformes,Macrouridae,Trachyrincus,scabrus
162284,Actinopterygii,Gadiformes,Moridae,Mora,moro
162292,Actinopterygii,Ophidiiformes,Bythitidae,Cataetyx,laticeps
162300,Actinopterygii,Osmeriformes,Alepocephalidae,Alepocephalus,rostratus
162308,Actinopterygii,Atheriniformes,Atherinidae,Craterocephalus,marianae
162309,Actinopterygii,Atheriniformes,Melanotaeniidae,Pseudomugil,tenellus
162310,Actinopterygii,Perciformes,Centropomidae,Ambassis,macleayi
162311,Actinopterygii,Cyprinodontiformes,Goodeidae,Chapalichthys,pardalis
162313,Actinopterygii,Cypriniformes,Cyprinidae,Nothobranchius,furzeri
162320,Actinopterygii,Cypriniformes,Cyprinidae,Spinibarbus,sinensis
162324,Actinopterygii,Perciformes,Labridae,Halichoeres,trimaculatus
162326,Actinopterygii,Atheriniformes,Atherinopsidae,Odontesthes,humensis
162328,Actinopterygii,Atheriniformes,Atherinidae,Craterocephalus,marjoriae
162335,Actinopterygii,Perciformes,Teraponidae,Amniataba,percoides
162347,Actinopterygii,Beloniformes,Adrianichthyidae,Oryzias,sinensis
162348,Actinopterygii,Characiformes,Characidae,Astyanax,lacustris
162349,Actinopterygii,Cyprinodontiformes,Rivulidae,Austrolebias,nigrofasciatus
162352,Actinopterygii,Cypriniformes,Cyprinidae,Blicca,bjoerkna
162354,Actinopterygii,Perciformes,Odontobutidae,Perccottus,glenii
162356,Actinopterygii,Mugiliformes,Mugilidae,Mugil,liza
162360,Actinopterygii,Perciformes,Sciaenidae,Atractoscion,nobilis
162364,Actinopterygii,Perciformes,Lutjanidae,Lutjanus,guttatus
